lex-uncased	negative	positive	uncertainty	litigious	constraining	interesting	modal
abandon	1	0	0	0	0	0	0
abandoned	1	0	0	0	0	0	0
abandoning	1	0	0	0	0	0	0
abandonment	1	0	0	0	0	0	0
abandonments	1	0	0	0	0	0	0
abandons	1	0	0	0	0	0	0
abdicated	1	0	0	0	0	0	0
abdicates	1	0	0	0	0	0	0
abdicating	1	0	0	0	0	0	0
abdication	1	0	0	0	0	0	0
abdications	1	0	0	0	0	0	0
aberrant	1	0	0	0	0	0	0
aberration	1	0	0	0	0	0	0
aberrational	1	0	0	0	0	0	0
aberrations	1	0	0	0	0	0	0
abetting	1	0	0	0	0	0	0
abeyance	0	0	1	0	0	0	0
abeyances	0	0	1	0	0	0	0
abide	0	0	0	0	1	0	0
abiding	0	0	0	0	1	0	0
able	0	1	0	0	0	0	0
abnormal	1	0	0	0	0	0	0
abnormalities	1	0	0	0	0	0	0
abnormality	1	0	0	0	0	0	0
abnormally	1	0	0	0	0	0	0
abolish	1	0	0	0	0	0	0
abolished	1	0	0	0	0	0	0
abolishes	1	0	0	0	0	0	0
abolishing	1	0	0	0	0	0	0
abovementioned	0	0	0	1	0	0	0
abrogate	1	0	0	1	0	0	0
abrogated	1	0	0	1	0	0	0
abrogates	1	0	0	1	0	0	0
abrogating	1	0	0	1	0	0	0
abrogation	1	0	0	1	0	0	0
abrogations	1	0	0	1	0	0	0
abrupt	1	0	0	0	0	0	0
abruptly	1	0	0	0	0	0	0
abruptness	1	0	0	0	0	0	0
absence	1	0	0	0	0	0	0
absences	1	0	0	0	0	0	0
absenteeism	1	0	0	0	0	0	0
absolve	0	0	0	1	0	0	0
absolved	0	0	0	1	0	0	0
absolves	0	0	0	1	0	0	0
absolving	0	0	0	1	0	0	0
abundance	0	1	0	0	0	0	0
abundant	0	1	0	0	0	0	0
abuse	1	0	0	0	0	0	0
abused	1	0	0	0	0	0	0
abuses	1	0	0	0	0	0	0
abusing	1	0	0	0	0	0	0
abusive	1	0	0	0	0	0	0
abusively	1	0	0	0	0	0	0
abusiveness	1	0	0	0	0	0	0
accession	0	0	0	1	0	0	0
accessions	0	0	0	1	0	0	0
accident	1	0	0	0	0	0	0
accidental	1	0	0	0	0	0	0
accidentally	1	0	0	0	0	0	0
accidents	1	0	0	0	0	0	0
acclaimed	0	1	0	0	0	0	0
accomplish	0	1	0	0	0	0	0
accomplished	0	1	0	0	0	0	0
accomplishes	0	1	0	0	0	0	0
accomplishing	0	1	0	0	0	0	0
accomplishment	0	1	0	0	0	0	0
accomplishments	0	1	0	0	0	0	0
accusation	1	0	0	0	0	0	0
accusations	1	0	0	0	0	0	0
accuse	1	0	0	0	0	0	0
accused	1	0	0	0	0	0	0
accuses	1	0	0	0	0	0	0
accusing	1	0	0	0	0	0	0
achieve	0	1	0	0	0	0	0
achieved	0	1	0	0	0	0	0
achievement	0	1	0	0	0	0	0
achievements	0	1	0	0	0	0	0
achieves	0	1	0	0	0	0	0
achieving	0	1	0	0	0	0	0
acquiesce	1	0	0	0	0	0	0
acquiesced	1	0	0	0	0	0	0
acquiesces	1	0	0	0	0	0	0
acquiescing	1	0	0	0	0	0	0
acquirees	0	0	0	1	0	0	0
acquirors	0	0	0	1	0	0	0
acquit	1	0	0	1	0	0	0
acquits	1	0	0	1	0	0	0
acquittal	1	0	0	1	0	0	0
acquittals	1	0	0	1	0	0	0
acquittance	0	0	0	1	0	0	0
acquittances	0	0	0	1	0	0	0
acquitted	1	0	0	1	0	0	0
acquitting	1	0	0	1	0	0	0
addendums	0	0	0	1	0	0	0
adequately	0	1	0	0	0	0	0
adjourn	0	0	0	1	0	0	0
adjourned	0	0	0	1	0	0	0
adjourning	0	0	0	1	0	0	0
adjournment	0	0	0	1	0	0	0
adjournments	0	0	0	1	0	0	0
adjourns	0	0	0	1	0	0	0
adjudge	0	0	0	1	0	0	0
adjudged	0	0	0	1	0	0	0
adjudges	0	0	0	1	0	0	0
adjudging	0	0	0	1	0	0	0
adjudicate	0	0	0	1	0	0	0
adjudicated	0	0	0	1	0	0	0
adjudicates	0	0	0	1	0	0	0
adjudicating	0	0	0	1	0	0	0
adjudication	0	0	0	1	0	0	0
adjudications	0	0	0	1	0	0	0
adjudicative	0	0	0	1	0	0	0
adjudicator	0	0	0	1	0	0	0
adjudicators	0	0	0	1	0	0	0
adjudicatory	0	0	0	1	0	0	0
admissibility	0	0	0	1	0	0	0
admissible	0	0	0	1	0	0	0
admissibly	0	0	0	1	0	0	0
admission	0	0	0	1	0	0	0
admissions	0	0	0	1	0	0	0
adulterate	1	0	0	0	0	0	0
adulterated	1	0	0	0	0	0	0
adulterating	1	0	0	0	0	0	0
adulteration	1	0	0	0	0	0	0
adulterations	1	0	0	0	0	0	0
advancement	0	1	0	0	0	0	0
advancements	0	1	0	0	0	0	0
advances	0	1	0	0	0	0	0
advancing	0	1	0	0	0	0	0
advantage	0	1	0	0	0	0	0
advantaged	0	1	0	0	0	0	0
advantageous	0	1	0	0	0	0	0
advantageously	0	1	0	0	0	0	0
advantages	0	1	0	0	0	0	0
adversarial	1	0	0	0	0	0	0
adversaries	1	0	0	0	0	0	0
adversary	1	0	0	0	0	0	0
adverse	1	0	0	0	0	0	0
adversely	1	0	0	0	0	0	0
adversities	1	0	0	0	0	0	0
adversity	1	0	0	0	0	0	0
affidavit	0	0	0	1	0	0	0
affidavits	0	0	0	1	0	0	0
affirmance	0	0	0	1	0	0	0
affreightment	0	0	0	1	0	0	0
aforedescribed	0	0	0	1	0	0	0
aforementioned	0	0	0	1	0	0	0
aforesaid	0	0	0	1	0	0	0
aforestated	0	0	0	1	0	0	0
aftermath	1	0	0	0	0	0	0
aftermaths	1	0	0	0	0	0	0
against	1	0	0	0	0	0	0
aggravate	1	0	0	0	0	0	0
aggravated	1	0	0	0	0	0	0
aggravates	1	0	0	0	0	0	0
aggravating	1	0	0	0	0	0	0
aggravation	1	0	0	0	0	0	0
aggravations	1	0	0	0	0	0	0
aggressive	0	0	0	0	0	1	0
aggressively	0	0	0	0	0	1	0
aggressiveness	0	0	0	0	0	1	0
aggrieved	0	0	0	1	0	0	0
alerted	1	0	0	0	0	0	0
alerting	1	0	0	0	0	0	0
alienate	1	0	0	0	0	0	0
alienated	1	0	0	0	0	0	0
alienates	1	0	0	0	0	0	0
alienating	1	0	0	0	0	0	0
alienation	1	0	0	0	0	0	0
alienations	1	0	0	0	0	0	0
allegation	1	0	0	1	0	0	0
allegations	1	0	0	1	0	0	0
allege	1	0	0	1	0	0	0
alleged	1	0	0	1	0	0	0
allegedly	1	0	0	1	0	0	0
alleges	1	0	0	1	0	0	0
alleging	1	0	0	1	0	0	0
alliance	0	1	0	0	0	0	0
alliances	0	1	0	0	0	0	0
almost	0	0	1	0	0	0	1
alteration	0	0	1	0	0	0	0
alterations	0	0	1	0	0	0	0
always	0	0	0	0	0	0	1
ambiguities	0	0	1	0	0	0	0
ambiguity	0	0	1	0	0	0	0
ambiguous	0	0	1	0	0	0	0
amend	0	0	0	1	0	0	0
amendable	0	0	0	1	0	0	0
amendatory	0	0	0	1	0	0	0
amended	0	0	0	1	0	0	0
amending	0	0	0	1	0	0	0
amendment	0	0	0	1	0	0	0
amendments	0	0	0	1	0	0	0
amends	0	0	0	1	0	0	0
annoy	1	0	0	0	0	0	0
annoyance	1	0	0	0	0	0	0
annoyances	1	0	0	0	0	0	0
annoyed	1	0	0	0	0	0	0
annoying	1	0	0	0	0	0	0
annoys	1	0	0	0	0	0	0
annul	1	0	0	0	0	0	0
annulled	1	0	0	0	0	0	0
annulling	1	0	0	0	0	0	0
annulment	1	0	0	0	0	0	0
annulments	1	0	0	0	0	0	0
annuls	1	0	0	0	0	0	0
anomalies	1	0	1	0	0	0	0
anomalous	1	0	1	0	0	0	0
anomalously	1	0	1	0	0	0	0
anomaly	1	0	1	0	0	0	0
antecedent	0	0	0	1	0	0	0
antecedents	0	0	0	1	0	0	0
anticipate	0	0	1	0	0	0	0
anticipated	0	0	1	0	0	0	0
anticipates	0	0	1	0	0	0	0
anticipating	0	0	1	0	0	0	0
anticipation	0	0	1	0	0	0	0
anticipations	0	0	1	0	0	0	0
anticompetitive	1	0	0	0	0	0	0
anticorruption	0	0	0	1	0	0	0
antitrust	1	0	0	1	0	0	0
anywise	0	0	0	1	0	0	0
apparent	0	0	1	0	0	0	0
apparently	0	0	1	0	0	0	1
appeal	0	0	0	1	0	0	0
appealable	0	0	0	1	0	0	0
appealed	0	0	0	1	0	0	0
appealing	0	0	0	1	0	0	0
appeals	0	0	0	1	0	0	0
appear	0	0	1	0	0	0	0
appeared	0	0	1	0	0	0	1
appearing	0	0	1	0	0	0	1
appears	0	0	1	0	0	0	1
appellant	0	0	0	1	0	0	0
appellants	0	0	0	1	0	0	0
appellate	0	0	0	1	0	0	0
appellees	0	0	0	1	0	0	0
appointor	0	0	0	1	0	0	0
approximate	0	0	1	0	0	0	0
approximated	0	0	1	0	0	0	0
approximately	0	0	1	0	0	0	0
approximates	0	0	1	0	0	0	0
approximating	0	0	1	0	0	0	0
approximation	0	0	1	0	0	0	0
approximations	0	0	1	0	0	0	0
appurtenance	0	0	0	1	0	0	0
appurtenances	0	0	0	1	0	0	0
appurtenant	0	0	0	1	0	0	0
arbitrability	0	0	0	1	0	0	0
arbitral	0	0	0	1	0	0	0
arbitrarily	0	0	1	0	0	0	0
arbitrariness	0	0	1	0	0	0	0
arbitrary	0	0	1	0	0	0	0
arbitrate	0	0	0	1	0	0	0
arbitrated	0	0	0	1	0	0	0
arbitrates	0	0	0	1	0	0	0
arbitrating	0	0	0	1	0	0	0
arbitration	0	0	0	1	0	0	0
arbitrational	0	0	0	1	0	0	0
arbitrations	0	0	0	1	0	0	0
arbitrative	0	0	0	1	0	0	0
arbitrator	0	0	0	1	0	0	0
arbitrators	0	0	0	1	0	0	0
argue	1	0	0	0	0	0	0
argued	1	0	0	0	0	0	0
arguing	1	0	0	0	0	0	0
argument	1	0	0	0	0	0	0
argumentative	1	0	0	0	0	0	0
arguments	1	0	0	0	0	0	0
arrearage	1	0	0	1	0	0	0
arrearages	1	0	0	1	0	0	0
arrears	1	0	0	0	0	0	0
arrest	1	0	0	0	0	0	0
arrested	1	0	0	0	0	0	0
arrests	1	0	0	0	0	0	0
artificially	1	0	0	0	0	0	0
asbestos	0	0	0	0	0	1	0
ascendancy	0	0	0	1	0	0	0
ascendant	0	0	0	1	0	0	0
ascendants	0	0	0	1	0	0	0
assault	1	0	0	0	0	0	0
assaulted	1	0	0	0	0	0	0
assaulting	1	0	0	0	0	0	0
assaults	1	0	0	0	0	0	0
assertable	0	0	0	1	0	0	0
assertions	1	0	0	0	0	0	0
assignation	0	0	0	1	0	0	0
assignations	0	0	0	1	0	0	0
assumable	0	0	0	1	0	0	0
assume	0	0	1	0	0	0	0
assumed	0	0	1	0	0	0	0
assumes	0	0	1	0	0	0	0
assuming	0	0	1	0	0	0	0
assumption	0	0	1	0	0	0	0
assumptions	0	0	1	0	0	0	0
assure	0	1	0	0	0	0	0
assured	0	1	0	0	0	0	0
assures	0	1	0	0	0	0	0
assuring	0	1	0	0	0	0	0
attain	0	1	0	0	0	0	0
attained	0	1	0	0	0	0	0
attaining	0	1	0	0	0	0	0
attainment	0	1	0	0	0	0	0
attainments	0	1	0	0	0	0	0
attains	0	1	0	0	0	0	0
attest	0	0	0	1	0	0	0
attestation	0	0	0	1	0	0	0
attestations	0	0	0	1	0	0	0
attested	0	0	0	1	0	0	0
attesting	0	0	0	1	0	0	0
attorn	0	0	0	1	0	0	0
attorney	0	0	0	1	0	0	0
attorneys	0	0	0	1	0	0	0
attornment	0	0	0	1	0	0	0
attorns	0	0	0	1	0	0	0
attractive	0	1	0	0	0	0	0
attractiveness	0	1	0	0	0	0	0
attrition	1	0	0	0	0	0	0
august	0	0	0	0	0	1	0
aversely	1	0	0	0	0	0	0
backdating	1	0	0	0	0	0	0
bad	1	0	0	0	0	0	0
bail	1	0	0	1	0	0	0
bailed	0	0	0	1	0	0	0
bailee	0	0	0	1	0	0	0
bailees	0	0	0	1	0	0	0
bailiff	0	0	0	1	0	0	0
bailiffs	0	0	0	1	0	0	0
bailment	0	0	0	1	0	0	0
bailout	1	0	0	0	0	0	0
balk	1	0	0	0	0	0	0
balked	1	0	0	0	0	0	0
ban	0	0	0	0	0	1	0
bankrupt	1	0	0	0	0	0	0
bankruptcies	1	0	0	0	0	0	0
bankruptcy	1	0	0	0	0	0	0
bankrupted	1	0	0	0	0	0	0
bankrupting	1	0	0	0	0	0	0
bankrupts	1	0	0	0	0	0	0
bans	1	0	0	0	0	0	0
barred	1	0	0	0	0	0	0
barrier	1	0	0	0	0	0	0
barriers	1	0	0	0	0	0	0
beautiful	0	1	0	0	0	0	0
beautifully	0	1	0	0	0	0	0
believe	0	0	1	0	0	0	0
believed	0	0	1	0	0	0	0
believes	0	0	1	0	0	0	0
believing	0	0	1	0	0	0	0
beneficial	0	1	0	0	0	0	0
beneficially	0	1	0	0	0	0	0
beneficiated	0	0	0	1	0	0	0
beneficiation	0	0	0	1	0	0	0
benefit	0	1	0	0	0	0	0
benefited	0	1	0	0	0	0	0
benefiting	0	1	0	0	0	0	0
benefitted	0	1	0	0	0	0	0
benefitting	0	1	0	0	0	0	0
best	0	1	0	0	0	0	1
better	0	1	0	0	0	0	0
bioterrorism	0	0	0	0	0	1	0
bolstered	0	1	0	0	0	0	0
bolstering	0	1	0	0	0	0	0
bolsters	0	1	0	0	0	0	0
bona	0	0	0	1	0	0	0
bonafide	0	0	0	1	0	0	0
boom	0	1	0	0	0	0	0
booming	0	1	0	0	0	0	0
boost	0	1	0	0	0	0	0
boosted	0	1	0	0	0	0	0
bottleneck	1	0	0	0	0	0	0
bottlenecks	1	0	0	0	0	0	0
bound	0	0	0	0	1	0	0
bounded	0	0	0	0	1	0	0
boycott	1	0	0	0	0	0	0
boycotted	1	0	0	0	0	0	0
boycotting	1	0	0	0	0	0	0
boycotts	1	0	0	0	0	0	0
breach	1	0	0	1	0	0	0
breached	1	0	0	1	0	0	0
breaches	1	0	0	1	0	0	0
breaching	1	0	0	1	0	0	0
break	1	0	0	0	0	0	0
breakage	1	0	0	0	0	0	0
breakages	1	0	0	0	0	0	0
breakdown	1	0	0	0	0	0	0
breakdowns	1	0	0	0	0	0	0
breaking	1	0	0	0	0	0	0
breaks	1	0	0	0	0	0	0
breakthrough	0	1	0	0	0	0	0
breakthroughs	0	1	0	0	0	0	0
bribe	1	0	0	0	0	0	0
bribed	1	0	0	0	0	0	0
briberies	1	0	0	0	0	0	0
bribery	1	0	0	0	0	0	0
bribes	1	0	0	0	0	0	0
bribing	1	0	0	0	0	0	0
bridge	1	0	0	0	0	1	0
brilliant	0	1	0	0	0	0	0
broken	1	0	0	0	0	0	0
burden	1	0	0	0	0	0	0
burdened	1	0	0	0	0	0	0
burdening	1	0	0	0	0	0	0
burdens	1	0	0	0	0	0	0
burdensome	1	0	0	0	0	0	0
burned	1	0	0	0	0	0	0
calamities	1	0	0	0	0	0	0
calamitous	1	0	0	0	0	0	0
calamity	1	0	0	0	0	0	0
can	0	0	0	0	0	0	1
cancel	1	0	0	0	0	0	0
canceled	1	0	0	0	0	0	0
canceling	1	0	0	0	0	0	0
cancellation	1	0	0	0	0	0	0
cancellations	1	0	0	0	0	0	0
cancelled	1	0	0	0	0	0	0
cancelling	1	0	0	0	0	0	0
cancels	1	0	0	0	0	0	0
cancer	0	0	0	0	0	1	0
careless	1	0	0	0	0	0	0
carelessly	1	0	0	0	0	0	0
carelessness	1	0	0	0	0	0	0
catastrophe	1	0	0	0	0	0	0
catastrophes	1	0	0	0	0	0	0
catastrophic	1	0	0	0	0	0	0
catastrophically	1	0	0	0	0	0	0
caution	1	0	0	0	0	0	0
cautionary	1	0	0	0	0	0	0
cautioned	1	0	0	0	0	0	0
cautioning	1	0	0	0	0	0	0
cautions	1	0	0	0	0	0	0
cautious	0	0	1	0	0	0	0
cautiously	0	0	1	0	0	0	0
cautiousness	0	0	1	0	0	0	0
cease	1	0	0	0	0	0	0
ceased	1	0	0	0	0	0	0
ceases	1	0	0	0	0	0	0
ceasing	1	0	0	0	0	0	0
cedant	0	0	0	1	0	0	0
cedants	0	0	0	1	0	0	0
censure	1	0	0	0	0	0	0
censured	1	0	0	0	0	0	0
censures	1	0	0	0	0	0	0
censuring	1	0	0	0	0	0	0
certiorari	0	0	0	1	0	0	0
cession	0	0	0	1	0	0	0
challenge	1	0	0	0	0	0	0
challenged	1	0	0	0	0	0	0
challenges	1	0	0	0	0	0	0
challenging	1	0	0	0	0	0	0
chapter	0	0	0	0	0	1	0
chargeoffs	1	0	0	0	0	0	0
charitable	0	1	0	0	0	0	0
chattel	0	0	0	1	0	0	0
chattels	0	0	0	1	0	0	0
choate	0	0	0	1	0	0	0
circumvent	1	0	0	0	0	0	0
circumvented	1	0	0	0	0	0	0
circumventing	1	0	0	0	0	0	0
circumvention	1	0	0	0	0	0	0
circumventions	1	0	0	0	0	0	0
circumvents	1	0	0	0	0	0	0
claim	0	0	0	1	0	0	0
claimable	0	0	0	1	0	0	0
claimant	0	0	0	1	0	0	0
claimants	0	0	0	1	0	0	0
claimholder	0	0	0	1	0	0	0
claiming	1	0	0	0	0	0	0
claims	1	0	0	1	0	0	0
clarification	0	0	1	0	0	0	0
clarifications	0	0	1	0	0	0	0
clawback	1	0	0	0	0	0	0
clawbacks	0	0	0	1	0	0	0
clearly	0	0	0	0	0	0	1
closed	1	0	0	0	0	0	0
closeout	1	0	0	0	0	0	0
closeouts	1	0	0	0	0	0	0
closing	1	0	0	0	0	0	0
closings	1	0	0	0	0	0	0
closure	1	0	0	0	0	0	0
closures	1	0	0	0	0	0	0
codefendant	0	0	0	1	0	0	0
codefendants	0	0	0	1	0	0	0
codicil	0	0	0	1	0	0	0
codicils	0	0	0	1	0	0	0
codification	0	0	0	1	0	0	0
codifications	0	0	0	1	0	0	0
codified	0	0	0	1	0	0	0
codifies	0	0	0	1	0	0	0
codify	0	0	0	1	0	0	0
codifying	0	0	0	1	0	0	0
coerce	1	0	0	0	0	0	0
coerced	1	0	0	0	0	0	0
coerces	1	0	0	0	0	0	0
coercing	1	0	0	0	0	0	0
coercion	1	0	0	0	0	0	0
coercive	1	0	0	0	0	0	0
collaborate	0	1	0	0	0	0	0
collaborated	0	1	0	0	0	0	0
collaborates	0	1	0	0	0	0	0
collaborating	0	1	0	0	0	0	0
collaboration	0	1	0	0	0	0	0
collaborations	0	1	0	0	0	0	0
collaborative	0	1	0	0	0	0	0
collaborator	0	1	0	0	0	0	0
collaborators	0	1	0	0	0	0	0
collapse	1	0	0	0	0	0	0
collapsed	1	0	0	0	0	0	0
collapses	1	0	0	0	0	0	0
collapsing	1	0	0	0	0	0	0
collision	1	0	0	0	0	0	0
collisions	1	0	0	0	0	0	0
collude	1	0	0	0	0	0	0
colluded	1	0	0	0	0	0	0
colludes	1	0	0	0	0	0	0
colluding	1	0	0	0	0	0	0
collusion	1	0	0	1	0	0	0
collusions	1	0	0	0	0	0	0
collusive	1	0	0	0	0	0	0
commit	0	0	0	0	1	0	0
commitment	0	0	0	0	1	0	0
commitments	0	0	0	0	1	0	0
commits	0	0	0	0	1	0	0
committed	0	0	0	0	1	0	0
committing	0	0	0	0	1	0	0
compel	0	0	0	0	1	0	0
compelled	0	0	0	0	1	0	0
compelling	0	0	0	0	1	0	0
compels	0	0	0	0	1	0	0
compensatory	0	0	0	1	0	0	0
complain	1	0	0	0	0	0	0
complainant	0	0	0	1	0	0	0
complainants	0	0	0	1	0	0	0
complained	1	0	0	0	0	0	0
complaining	1	0	0	0	0	0	0
complains	1	0	0	0	0	0	0
complaint	1	0	0	0	0	0	0
complaints	1	0	0	0	0	0	0
complicate	1	0	0	0	0	0	0
complicated	1	0	0	0	0	0	0
complicates	1	0	0	0	0	0	0
complicating	1	0	0	0	0	0	0
complication	1	0	0	0	0	0	0
complications	1	0	0	0	0	0	0
compliment	0	1	0	0	0	0	0
complimentary	0	1	0	0	0	0	0
complimented	0	1	0	0	0	0	0
complimenting	0	1	0	0	0	0	0
compliments	0	1	0	0	0	0	0
comply	0	0	0	0	1	0	0
compulsion	1	0	0	0	1	0	0
compulsory	0	0	0	0	1	0	0
concealed	1	0	0	0	0	0	0
concealing	1	0	0	0	0	0	0
concede	1	0	0	0	0	0	0
conceded	1	0	0	0	0	0	0
concedes	1	0	0	0	0	0	0
conceding	1	0	0	0	0	0	0
conceivable	0	0	1	0	0	0	1
conceivably	0	0	1	0	0	0	0
concern	1	0	0	0	0	0	0
concerned	1	0	0	0	0	0	0
concerning	0	0	0	0	0	1	0
concerns	1	0	0	0	0	0	0
conciliating	1	0	0	0	0	0	0
conciliation	1	0	0	0	0	0	0
conciliations	1	0	0	0	0	0	0
conclusive	0	1	0	0	0	0	0
conclusively	0	1	0	0	0	0	0
condemn	1	0	0	0	0	0	0
condemnation	1	0	0	0	0	0	0
condemnations	1	0	0	0	0	0	0
condemned	1	0	0	0	0	0	0
condemning	1	0	0	0	0	0	0
condemnor	0	0	0	1	0	0	0
condemns	1	0	0	0	0	0	0
conditional	0	0	1	0	0	0	0
conditionally	0	0	1	0	0	0	0
condone	1	0	0	0	0	0	0
condoned	1	0	0	0	0	0	0
conducive	0	1	0	0	0	0	0
confess	1	0	0	0	0	0	0
confessed	1	0	0	0	0	0	0
confesses	1	0	0	0	0	0	0
confessing	1	0	0	0	0	0	0
confession	1	0	0	0	0	0	0
confident	0	1	0	0	0	0	0
confine	1	0	0	0	1	0	0
confined	1	0	0	0	1	0	0
confinement	1	0	0	0	1	0	0
confinements	1	0	0	0	0	0	0
confines	1	0	0	0	1	0	0
confining	1	0	0	0	1	0	0
confiscate	1	0	0	0	0	0	0
confiscated	1	0	0	0	0	0	0
confiscates	1	0	0	0	0	0	0
confiscating	1	0	0	0	0	0	0
confiscation	1	0	0	0	0	0	0
confiscations	1	0	0	0	0	0	0
confiscatory	0	0	0	1	0	0	0
conflict	1	0	0	0	0	0	0
conflicted	1	0	0	0	0	0	0
conflicting	1	0	0	0	0	0	0
conflicts	1	0	0	0	0	0	0
confront	1	0	0	0	0	0	0
confrontation	1	0	0	0	0	0	0
confrontational	1	0	0	0	0	0	0
confrontations	1	0	0	0	0	0	0
confronted	1	0	0	0	0	0	0
confronting	1	0	0	0	0	0	0
confronts	1	0	0	0	0	0	0
confuse	1	0	0	0	0	0	0
confused	1	0	0	0	0	0	0
confuses	1	0	1	0	0	0	0
confusing	1	0	1	0	0	0	0
confusingly	1	0	1	0	0	0	0
confusion	1	0	1	0	0	0	0
consent	0	0	0	1	0	0	0
consented	0	0	0	1	0	0	0
consenting	0	0	0	1	0	0	0
consents	0	0	0	1	0	0	0
conservatorships	0	0	0	1	0	0	0
conspiracies	1	0	0	0	0	0	0
conspiracy	1	0	0	0	0	0	0
conspirator	1	0	0	0	0	0	0
conspiratorial	1	0	0	0	0	0	0
conspirators	1	0	0	0	0	0	0
conspire	1	0	0	0	0	0	0
conspired	1	0	0	0	0	0	0
conspires	1	0	0	0	0	0	0
conspiring	1	0	0	0	0	0	0
constitution	0	0	0	1	0	0	0
constitutional	0	0	0	1	0	0	0
constitutionality	0	0	0	1	0	0	0
constitutionally	0	0	0	1	0	0	0
constitutions	0	0	0	1	0	0	0
constitutive	0	0	0	1	0	0	0
constrain	0	0	0	0	1	0	0
constrained	0	0	0	0	1	0	0
constraining	0	0	0	0	1	0	0
constrains	0	0	0	0	1	0	0
constraint	0	0	0	0	1	0	0
constraints	0	0	0	0	1	0	0
constructive	0	1	0	0	0	0	0
constructively	0	1	0	0	0	0	0
construe	0	0	0	1	0	0	0
construed	0	0	0	1	0	0	0
construes	0	0	0	1	0	0	0
construing	0	0	0	1	0	0	0
contaminated	0	0	0	0	0	1	0
contempt	1	0	0	0	0	0	0
contend	1	0	0	0	0	0	0
contended	1	0	0	0	0	0	0
contending	1	0	0	0	0	0	0
contends	1	0	0	0	0	0	0
contention	1	0	0	0	0	0	0
contentions	1	0	0	0	0	0	0
contentious	1	0	0	0	0	0	0
contentiously	1	0	0	0	0	0	0
contestability	0	0	0	1	0	0	0
contestation	0	0	0	1	0	0	0
contested	1	0	0	0	0	0	0
contesting	1	0	0	0	0	0	0
contests	0	0	0	0	0	1	0
contingencies	0	0	1	0	0	0	0
contingency	0	0	1	0	0	0	0
contingent	0	0	1	0	0	0	0
contingently	0	0	1	0	0	0	0
contingents	0	0	1	0	0	0	0
contract	0	0	0	1	0	0	0
contracted	0	0	0	1	0	0	0
contractholder	0	0	0	1	0	0	0
contractholders	0	0	0	1	0	0	0
contractible	0	0	0	1	0	0	0
contractile	0	0	0	1	0	0	0
contracting	0	0	0	1	0	0	0
contraction	1	0	0	0	0	0	0
contractions	1	0	0	0	0	0	0
contracts	0	0	0	1	0	0	0
contractual	0	0	0	1	0	0	0
contractually	0	0	0	1	0	0	0
contradict	1	0	0	0	0	0	0
contradicted	1	0	0	0	0	0	0
contradicting	1	0	0	0	0	0	0
contradiction	1	0	0	0	0	0	0
contradictions	1	0	0	0	0	0	0
contradictory	1	0	0	0	0	0	0
contradicts	1	0	0	0	0	0	0
contrary	1	0	0	0	0	0	0
contravene	0	0	0	1	0	0	0
contravened	0	0	0	1	0	0	0
contravenes	0	0	0	1	0	0	0
contravening	0	0	0	1	0	0	0
contravention	0	0	0	1	0	0	0
contraventions	0	0	0	1	0	0	0
controversial	1	0	0	0	0	0	0
controversies	1	0	0	0	0	0	0
controversy	1	0	0	0	0	0	0
controvert	0	0	0	1	0	0	0
controverted	0	0	0	1	0	0	0
controverting	0	0	0	1	0	0	0
conveniens	0	0	0	1	0	0	0
conveyance	0	0	0	1	0	0	0
conveyances	0	0	0	1	0	0	0
convict	1	0	0	1	0	0	0
convicted	1	0	0	1	0	0	0
convicting	1	0	0	1	0	0	0
conviction	1	0	0	1	0	0	0
convictions	1	0	0	1	0	0	0
cooperated	0	0	0	0	0	1	0
corrected	1	0	0	0	0	0	0
correcting	1	0	0	0	0	0	0
correction	1	0	0	0	0	0	0
corrections	1	0	0	0	0	0	0
corrects	1	0	0	0	0	0	0
corrupt	1	0	0	0	0	0	0
corrupted	1	0	0	0	0	0	0
corrupting	1	0	0	0	0	0	0
corruption	1	0	0	0	0	0	0
corruptions	1	0	0	0	0	0	0
corruptly	1	0	0	0	0	0	0
corruptness	1	0	0	0	0	0	0
costly	1	0	0	0	0	0	0
coterminous	0	0	0	1	0	0	0
could	0	0	1	0	0	0	1
counsel	0	0	0	1	0	0	0
counseled	0	0	0	1	0	0	0
counselled	0	0	0	1	0	0	0
counsels	0	0	0	1	0	0	0
counterclaim	1	0	0	0	0	0	0
counterclaimed	1	0	0	0	0	0	0
counterclaiming	1	0	0	0	0	0	0
counterclaims	1	0	0	0	0	0	0
counterfeit	1	0	0	0	0	0	0
counterfeited	1	0	0	0	0	0	0
counterfeiter	1	0	0	0	0	0	0
counterfeiters	1	0	0	0	0	0	0
counterfeiting	1	0	0	0	0	0	0
counterfeits	1	0	0	0	0	0	0
countermeasure	1	0	0	0	0	0	0
countermeasures	1	0	0	0	0	0	0
countersignor	0	0	0	1	0	0	0
countersued	0	0	0	1	0	0	0
countersuit	0	0	0	1	0	0	0
countersuits	0	0	0	1	0	0	0
court	0	0	0	1	0	0	0
courteous	0	1	0	0	0	0	0
courtroom	0	0	0	1	0	0	0
courts	0	0	0	1	0	0	0
covenant	0	0	0	0	1	0	0
covenanted	0	0	0	0	1	0	0
covenanting	0	0	0	0	1	0	0
covenants	0	0	0	0	1	0	0
creative	0	1	0	0	0	0	0
creatively	0	1	0	0	0	0	0
creativeness	0	1	0	0	0	0	0
creativity	0	1	0	0	0	0	0
crime	1	0	0	1	0	0	0
crimes	1	0	0	1	0	0	0
criminal	1	0	0	1	0	0	0
criminality	0	0	0	1	0	0	0
criminalize	0	0	0	1	0	0	0
criminalizing	0	0	0	1	0	0	0
criminally	1	0	0	1	0	0	0
criminals	1	0	0	1	0	0	0
crises	1	0	0	0	0	0	0
crisis	1	0	0	0	0	0	0
critical	1	0	0	0	0	0	0
critically	1	0	0	0	0	0	0
criticism	1	0	0	0	0	0	0
criticisms	1	0	0	0	0	0	0
criticize	1	0	0	0	0	0	0
criticized	1	0	0	0	0	0	0
criticizes	1	0	0	0	0	0	0
criticizing	1	0	0	0	0	0	0
crossclaim	0	0	0	1	0	0	0
crossclaims	0	0	0	1	0	0	0
crossroad	0	0	1	0	0	0	0
crossroads	0	0	1	0	0	0	0
crucial	1	0	0	0	0	0	0
crucially	1	0	0	0	0	0	0
culpability	1	0	0	0	0	0	0
culpable	1	0	0	0	0	0	0
culpably	1	0	0	0	0	0	0
cumbersome	1	0	0	0	0	0	0
curtail	1	0	0	0	0	0	0
curtailed	1	0	0	0	0	0	0
curtailing	1	0	0	0	0	0	0
curtailment	1	0	0	0	0	0	0
curtailments	1	0	0	0	0	0	0
curtails	1	0	0	0	0	0	0
cut	1	0	0	0	0	0	0
cutback	1	0	0	0	0	0	0
cutbacks	1	0	0	0	0	0	0
cyberattack	1	0	0	0	0	0	0
cyberattacks	1	0	0	0	0	0	0
cyberbullying	1	0	0	0	0	0	0
cybercrime	1	0	0	0	0	0	0
cybercrimes	1	0	0	0	0	0	0
cybercriminal	1	0	0	0	0	0	0
cybercriminals	1	0	0	0	0	0	0
damage	1	0	0	0	0	0	0
damaged	1	0	0	0	0	0	0
damages	1	0	0	0	0	0	0
damaging	1	0	0	0	0	0	0
dampen	1	0	0	0	0	0	0
dampened	1	0	0	0	0	0	0
danger	1	0	0	0	0	0	0
dangerous	1	0	0	0	0	0	0
dangerously	1	0	0	0	0	0	0
dangers	1	0	0	0	0	0	0
deadlock	1	0	0	0	0	0	0
deadlocked	1	0	0	0	0	0	0
deadlocking	1	0	0	0	0	0	0
deadlocks	1	0	0	0	0	0	0
deadweight	1	0	0	0	0	0	0
deadweights	1	0	0	0	0	0	0
death	0	0	0	0	0	1	0
debarment	1	0	0	0	0	0	0
debarments	1	0	0	0	0	0	0
debarred	1	0	0	0	0	0	0
debilitating	0	0	0	0	0	1	0
deceased	1	0	0	0	0	0	0
decedent	0	0	0	1	0	0	0
decedents	0	0	0	1	0	0	0
deceit	1	0	0	0	0	0	0
deceitful	1	0	0	0	0	0	0
deceitfulness	1	0	0	0	0	0	0
deceive	1	0	0	0	0	0	0
deceived	1	0	0	0	0	0	0
deceives	1	0	0	0	0	0	0
deceiving	1	0	0	0	0	0	0
deception	1	0	0	0	0	0	0
deceptions	1	0	0	0	0	0	0
deceptive	1	0	0	0	0	0	0
deceptively	1	0	0	0	0	0	0
declarant	0	0	0	1	0	0	0
decline	1	0	0	0	0	0	0
declined	1	0	0	0	0	0	0
declines	1	0	0	0	0	0	0
declining	1	0	0	0	0	0	0
decrease	0	0	0	0	0	1	0
decreases	0	0	0	0	0	1	0
decreasing	0	0	0	0	0	1	0
decree	0	0	0	1	0	0	0
decreed	0	0	0	1	0	0	0
decreeing	0	0	0	1	0	0	0
decrees	0	0	0	1	0	0	0
deface	1	0	0	0	0	0	0
defaced	1	0	0	0	0	0	0
defacement	1	0	0	0	0	0	0
defalcation	0	0	0	1	0	0	0
defalcations	0	0	0	1	0	0	0
defamation	1	0	0	0	0	0	0
defamations	1	0	0	0	0	0	0
defamatory	1	0	0	0	0	0	0
defame	1	0	0	0	0	0	0
defamed	1	0	0	0	0	0	0
defames	1	0	0	0	0	0	0
defaming	1	0	0	0	0	0	0
default	1	0	0	0	0	0	0
defaulted	1	0	0	0	0	0	0
defaulting	1	0	0	0	0	0	0
defaults	1	0	0	0	0	0	0
defeasance	0	0	0	1	0	0	0
defeasances	0	0	0	1	0	0	0
defease	0	0	0	1	0	0	0
defeased	0	0	0	1	0	0	0
defeasement	0	0	0	1	0	0	0
defeases	0	0	0	1	0	0	0
defeasing	0	0	0	1	0	0	0
defeat	1	0	0	0	0	0	0
defeated	1	0	0	0	0	0	0
defeating	1	0	0	0	0	0	0
defeats	1	0	0	0	0	0	0
defect	1	0	0	0	0	0	0
defective	1	0	0	0	0	0	0
defectively	0	0	0	1	0	0	0
defects	1	0	0	0	0	0	0
defend	1	0	0	0	0	0	0
defendable	0	0	0	1	0	0	0
defendant	1	0	0	1	0	0	0
defendants	1	0	0	1	0	0	0
defended	1	0	0	0	0	0	0
defending	1	0	0	0	0	0	0
defends	1	0	0	0	0	0	0
defensive	1	0	0	0	0	0	0
defer	1	0	0	0	0	0	0
deference	0	0	0	1	0	0	0
deficiencies	1	0	0	0	0	0	0
deficiency	1	0	0	0	0	0	0
deficient	1	0	0	0	0	0	0
deficit	1	0	0	0	0	0	0
deficits	1	0	0	0	0	0	0
definitely	0	0	0	0	0	0	1
definitively	0	0	0	0	0	0	1
defraud	1	0	0	0	0	0	0
defrauded	1	0	0	0	0	0	0
defrauding	1	0	0	0	0	0	0
defrauds	1	0	0	0	0	0	0
defunct	1	0	0	0	0	0	0
degradation	1	0	0	0	0	0	0
degradations	1	0	0	0	0	0	0
degrade	1	0	0	0	0	0	0
degraded	1	0	0	0	0	0	0
degrades	1	0	0	0	0	0	0
degrading	1	0	0	0	0	0	0
delay	1	0	0	0	0	0	0
delayed	1	0	0	0	0	0	0
delaying	1	0	0	0	0	0	0
delays	1	0	0	0	0	0	0
delegable	0	0	0	1	0	0	0
delegatable	0	0	0	1	0	0	0
delegatee	0	0	0	1	0	0	0
delegees	0	0	0	1	0	0	0
deleterious	1	0	0	0	0	0	0
deliberate	1	0	0	0	0	0	0
deliberated	1	0	0	0	0	0	0
deliberately	1	0	0	0	0	0	0
delight	0	1	0	0	0	0	0
delighted	0	1	0	0	0	0	0
delightful	0	1	0	0	0	0	0
delightfully	0	1	0	0	0	0	0
delighting	0	1	0	0	0	0	0
delights	0	1	0	0	0	0	0
delinquencies	1	0	0	0	0	0	0
delinquency	1	0	0	0	0	0	0
delinquent	1	0	0	0	0	0	0
delinquently	1	0	0	0	0	0	0
delinquents	1	0	0	0	0	0	0
delist	1	0	0	0	0	0	0
delisted	1	0	0	0	0	0	0
delisting	1	0	0	0	0	0	0
delists	1	0	0	0	0	0	0
demise	1	0	0	0	0	0	0
demised	1	0	0	0	0	0	0
demises	1	0	0	0	0	0	0
demising	1	0	0	0	0	0	0
demolish	1	0	0	0	0	0	0
demolished	1	0	0	0	0	0	0
demolishes	1	0	0	0	0	0	0
demolishing	1	0	0	0	0	0	0
demolition	1	0	0	0	0	0	0
demolitions	1	0	0	0	0	0	0
demote	1	0	0	0	0	0	0
demoted	1	0	0	0	0	0	0
demotes	1	0	0	0	0	0	0
demoting	1	0	0	0	0	0	0
demotion	1	0	0	0	0	0	0
demotions	1	0	0	0	0	0	0
demurred	0	0	0	1	0	0	0
demurrer	0	0	0	1	0	0	0
demurrers	0	0	0	1	0	0	0
demurring	0	0	0	1	0	0	0
demurs	0	0	0	1	0	0	0
denial	1	0	0	0	0	0	0
denials	1	0	0	0	0	0	0
denied	1	0	0	0	0	0	0
denies	1	0	0	0	0	0	0
denigrate	1	0	0	0	0	0	0
denigrated	1	0	0	0	0	0	0
denigrates	1	0	0	0	0	0	0
denigrating	1	0	0	0	0	0	0
denigration	1	0	0	0	0	0	0
deny	1	0	0	0	0	0	0
denying	1	0	0	0	0	0	0
depend	0	0	1	0	1	0	1
dependability	0	1	0	0	0	0	0
dependable	0	1	0	0	0	0	0
dependance	0	0	0	0	1	0	0
dependances	0	0	0	0	1	0	0
dependant	0	0	0	0	1	0	0
depended	0	0	1	0	0	0	1
dependence	0	0	1	0	0	0	0
dependencies	0	0	1	0	1	0	0
dependency	0	0	1	0	0	0	0
dependent	0	0	1	0	1	0	0
depending	0	0	1	0	1	0	1
depends	0	0	1	0	1	0	1
deplete	1	0	0	0	0	0	0
depleted	1	0	0	0	0	0	0
depletes	1	0	0	0	0	0	0
depleting	1	0	0	0	0	0	0
depletion	1	0	0	0	0	0	0
depletions	1	0	0	0	0	0	0
depose	0	0	0	1	0	0	0
deposed	0	0	0	1	0	0	0
deposes	0	0	0	1	0	0	0
deposing	0	0	0	1	0	0	0
deposition	0	0	0	1	0	0	0
depositional	0	0	0	1	0	0	0
depositions	0	0	0	1	0	0	0
deprecation	1	0	0	0	0	0	0
depress	1	0	0	0	0	0	0
depressed	1	0	0	0	0	0	0
depresses	1	0	0	0	0	0	0
depressing	1	0	0	0	0	0	0
deprivation	1	0	0	0	0	0	0
deprive	1	0	0	0	0	0	0
deprived	1	0	0	0	0	0	0
deprives	1	0	0	0	0	0	0
depriving	1	0	0	0	0	0	0
derelict	1	0	0	0	0	0	0
dereliction	1	0	0	0	0	0	0
derogate	0	0	0	1	0	0	0
derogated	0	0	0	1	0	0	0
derogates	0	0	0	1	0	0	0
derogating	0	0	0	1	0	0	0
derogation	0	0	0	1	0	0	0
derogations	0	0	0	1	0	0	0
derogatory	1	0	0	0	0	0	0
designator	0	0	0	1	0	0	0
desirable	0	1	0	0	0	0	0
desired	0	1	0	0	0	0	0
desist	0	0	0	1	0	0	0
despite	0	1	0	0	0	0	0
destabilization	1	0	0	0	0	0	0
destabilize	1	0	0	0	0	0	0
destabilized	1	0	0	0	0	0	0
destabilizing	1	0	1	0	0	0	0
destined	0	1	0	0	0	0	0
destroy	1	0	0	0	0	0	0
destroyed	1	0	0	0	0	0	0
destroyer	0	0	0	0	0	1	0
destroying	1	0	0	0	0	0	0
destroys	1	0	0	0	0	0	0
destruction	1	0	0	0	0	0	0
destructive	1	0	0	0	0	0	0
detain	1	0	0	0	0	0	0
detained	1	0	0	0	0	0	0
detainer	0	0	0	1	0	0	0
detention	1	0	0	0	0	0	0
detentions	1	0	0	0	0	0	0
deter	1	0	0	0	0	0	0
deteriorate	1	0	0	0	0	0	0
deteriorated	1	0	0	0	0	0	0
deteriorates	1	0	0	0	0	0	0
deteriorating	1	0	0	0	0	0	0
deterioration	1	0	0	0	0	0	0
deteriorations	1	0	0	0	0	0	0
deterred	1	0	0	0	0	0	0
deterrence	1	0	0	0	0	0	0
deterrences	1	0	0	0	0	0	0
deterrent	1	0	0	0	0	0	0
deterrents	1	0	0	0	0	0	0
deterring	1	0	0	0	0	0	0
deters	1	0	0	0	0	0	0
detract	1	0	0	0	0	0	0
detracted	1	0	0	0	0	0	0
detracting	1	0	0	0	0	0	0
detriment	1	0	0	0	0	0	0
detrimental	1	0	0	0	0	0	0
detrimentally	1	0	0	0	0	0	0
detriments	1	0	0	0	0	0	0
devalue	1	0	0	0	0	0	0
devalued	1	0	0	0	0	0	0
devalues	1	0	0	0	0	0	0
devaluing	1	0	0	0	0	0	0
devastate	1	0	0	0	0	0	0
devastated	1	0	0	0	0	0	0
devastating	1	0	0	0	0	0	0
devastation	1	0	0	0	0	0	0
deviate	1	0	1	0	0	0	0
deviated	1	0	1	0	0	0	0
deviates	1	0	1	0	0	0	0
deviating	1	0	1	0	0	0	0
deviation	1	0	1	0	0	0	0
deviations	1	0	1	0	0	0	0
devisees	0	0	0	1	0	0	0
devolve	1	0	0	0	0	0	0
devolved	1	0	0	0	0	0	0
devolves	1	0	0	0	0	0	0
devolving	1	0	0	0	0	0	0
diagnosed	0	0	0	0	0	1	0
dictate	0	0	0	0	1	0	0
dictated	0	0	0	0	1	0	0
dictates	0	0	0	0	1	0	0
dictating	0	0	0	0	1	0	0
die	0	0	0	0	0	1	0
died	0	0	0	0	0	1	0
dies	0	0	0	0	0	1	0
differ	0	0	1	0	0	0	0
differed	0	0	1	0	0	0	0
differing	0	0	1	0	0	0	0
differs	0	0	1	0	0	0	0
difficult	1	0	0	0	0	0	0
difficulties	1	0	0	0	0	0	0
difficultly	1	0	0	0	0	0	0
difficulty	1	0	0	0	0	0	0
diligent	0	1	0	0	0	0	0
diligently	0	1	0	0	0	0	0
diminish	1	0	0	0	0	0	0
diminished	1	0	0	0	0	0	0
diminishes	1	0	0	0	0	0	0
diminishing	1	0	0	0	0	0	0
diminution	1	0	0	0	0	0	0
directive	0	0	0	0	1	0	0
directives	0	0	0	0	1	0	0
disabled	0	0	0	0	0	1	0
disadvantage	1	0	0	0	0	0	0
disadvantaged	1	0	0	0	0	0	0
disadvantageous	1	0	0	0	0	0	0
disadvantages	1	0	0	0	0	0	0
disaffiliation	1	0	0	1	0	0	0
disaffirm	0	0	0	1	0	0	0
disaffirmance	0	0	0	1	0	0	0
disaffirmed	0	0	0	1	0	0	0
disaffirms	0	0	0	1	0	0	0
disagree	1	0	0	0	0	0	0
disagreeable	1	0	0	0	0	0	0
disagreed	1	0	0	0	0	0	0
disagreeing	1	0	0	0	0	0	0
disagreement	1	0	0	0	0	0	0
disagreements	1	0	0	0	0	0	0
disagrees	1	0	0	0	0	0	0
disallow	1	0	0	0	0	0	0
disallowance	1	0	0	0	0	0	0
disallowances	1	0	0	0	0	0	0
disallowed	1	0	0	0	0	0	0
disallowing	1	0	0	0	0	0	0
disallows	1	0	0	0	0	0	0
disappear	1	0	0	0	0	0	0
disappearance	1	0	0	0	0	0	0
disappearances	1	0	0	0	0	0	0
disappeared	1	0	0	0	0	0	0
disappearing	1	0	0	0	0	0	0
disappears	1	0	0	0	0	0	0
disappoint	1	0	0	0	0	0	0
disappointed	1	0	0	0	0	0	0
disappointing	1	0	0	0	0	0	0
disappointingly	1	0	0	0	0	0	0
disappointment	1	0	0	0	0	0	0
disappointments	1	0	0	0	0	0	0
disappoints	1	0	0	0	0	0	0
disapproval	1	0	0	0	0	0	0
disapprovals	1	0	0	0	0	0	0
disapprove	1	0	0	0	0	0	0
disapproved	1	0	0	0	0	0	0
disapproves	1	0	0	0	0	0	0
disapproving	1	0	0	0	0	0	0
disassociates	1	0	0	0	0	0	0
disassociating	1	0	0	0	0	0	0
disassociation	1	0	0	0	0	0	0
disassociations	1	0	0	0	0	0	0
disaster	1	0	0	0	0	0	0
disasters	1	0	0	0	0	0	0
disastrous	1	0	0	0	0	0	0
disastrously	1	0	0	0	0	0	0
disavow	1	0	0	0	0	0	0
disavowal	1	0	0	0	0	0	0
disavowed	1	0	0	0	0	0	0
disavowing	1	0	0	0	0	0	0
disavows	1	0	0	0	0	0	0
disciplinary	1	0	0	0	0	0	0
disclaim	1	0	0	0	0	0	0
disclaimed	1	0	0	0	0	0	0
disclaimer	1	0	0	0	0	0	0
disclaimers	1	0	0	0	0	0	0
disclaiming	1	0	0	0	0	0	0
disclaims	1	0	0	0	0	0	0
disclose	1	0	0	0	0	0	0
disclosed	1	0	0	0	0	0	0
discloses	1	0	0	0	0	0	0
disclosing	1	0	0	0	0	0	0
discontinuance	1	0	0	0	0	0	0
discontinuances	1	0	0	0	0	0	0
discontinuation	1	0	0	0	0	0	0
discontinuations	1	0	0	0	0	0	0
discontinue	1	0	0	0	0	0	0
discontinued	1	0	0	0	0	0	0
discontinues	1	0	0	0	0	0	0
discontinuing	1	0	0	0	0	0	0
discourage	1	0	0	0	0	0	0
discouraged	1	0	0	0	0	0	0
discourages	1	0	0	0	0	0	0
discouraging	1	0	0	0	0	0	0
discover	0	0	0	0	0	1	0
discredit	1	0	0	0	0	0	0
discredited	1	0	0	0	0	0	0
discrediting	1	0	0	0	0	0	0
discredits	1	0	0	0	0	0	0
discrepancies	1	0	0	0	0	0	0
discrepancy	1	0	0	0	0	0	0
diseased	0	0	0	0	0	1	0
disfavor	1	0	0	0	0	0	0
disfavored	1	0	0	0	0	0	0
disfavoring	1	0	0	0	0	0	0
disfavors	1	0	0	0	0	0	0
disgorge	1	0	0	0	0	0	0
disgorged	1	0	0	0	0	0	0
disgorgement	1	0	0	0	0	0	0
disgorgements	1	0	0	0	0	0	0
disgorges	1	0	0	0	0	0	0
disgorging	1	0	0	0	0	0	0
disgrace	1	0	0	0	0	0	0
disgraceful	1	0	0	0	0	0	0
disgracefully	1	0	0	0	0	0	0
dishonest	1	0	0	0	0	0	0
dishonestly	1	0	0	0	0	0	0
dishonesty	1	0	0	0	0	0	0
dishonor	1	0	0	0	0	0	0
dishonorable	1	0	0	0	0	0	0
dishonorably	1	0	0	0	0	0	0
dishonored	1	0	0	0	0	0	0
dishonoring	1	0	0	0	0	0	0
dishonors	1	0	0	0	0	0	0
disincentives	1	0	0	0	0	0	0
disinterested	1	0	0	0	0	0	0
disinterestedly	1	0	0	0	0	0	0
disinterestedness	1	0	0	0	0	0	0
disloyal	1	0	0	0	0	0	0
disloyally	1	0	0	0	0	0	0
disloyalty	1	0	0	0	0	0	0
dismal	1	0	0	0	0	0	0
dismally	1	0	0	0	0	0	0
dismiss	1	0	0	0	0	0	0
dismissal	1	0	0	0	0	0	0
dismissals	1	0	0	0	0	0	0
dismissed	1	0	0	0	0	0	0
dismisses	1	0	0	0	0	0	0
dismissing	1	0	0	0	0	0	0
disorderly	1	0	0	0	0	0	0
disparage	1	0	0	0	0	0	0
disparaged	1	0	0	0	0	0	0
disparagement	1	0	0	0	0	0	0
disparagements	1	0	0	0	0	0	0
disparages	1	0	0	0	0	0	0
disparaging	1	0	0	0	0	0	0
disparagingly	1	0	0	0	0	0	0
disparities	1	0	0	0	0	0	0
disparity	1	0	0	0	0	0	0
displace	1	0	0	0	0	0	0
displaced	1	0	0	0	0	0	0
displacement	1	0	0	0	0	0	0
displacements	1	0	0	0	0	0	0
displaces	1	0	0	0	0	0	0
displacing	1	0	0	0	0	0	0
dispose	1	0	0	0	0	0	0
dispositive	0	0	0	1	0	0	0
dispossess	1	0	0	0	0	0	0
dispossessed	1	0	0	0	0	0	0
dispossesses	1	0	0	0	0	0	0
dispossessing	1	0	0	0	0	0	0
dispossession	0	0	0	1	0	0	0
dispossessory	0	0	0	1	0	0	0
disproportion	1	0	0	0	0	0	0
disproportional	1	0	0	0	0	0	0
disproportionate	1	0	0	0	0	0	0
disproportionately	1	0	0	0	0	0	0
dispute	1	0	0	0	0	0	0
disputed	1	0	0	0	0	0	0
disputes	1	0	0	0	0	0	0
disputing	1	0	0	0	0	0	0
disqualification	1	0	0	0	0	0	0
disqualifications	1	0	0	0	0	0	0
disqualified	1	0	0	0	0	0	0
disqualifies	1	0	0	0	0	0	0
disqualify	1	0	0	0	0	0	0
disqualifying	1	0	0	0	0	0	0
disregard	1	0	0	0	0	0	0
disregarded	1	0	0	0	0	0	0
disregarding	1	0	0	0	0	0	0
disregards	1	0	0	0	0	0	0
disreputable	1	0	0	0	0	0	0
disrepute	1	0	0	0	0	0	0
disrupt	1	0	0	0	0	0	0
disrupted	1	0	0	0	0	0	0
disrupting	1	0	0	0	0	0	0
disruption	1	0	0	0	0	0	0
disruptions	1	0	0	0	0	0	0
disruptive	1	0	0	0	0	0	0
disrupts	1	0	0	0	0	0	0
dissatisfaction	1	0	0	0	0	0	0
dissatisfied	1	0	0	0	0	0	0
dissent	1	0	0	0	0	0	0
dissented	1	0	0	0	0	0	0
dissenter	1	0	0	0	0	0	0
dissenters	1	0	0	0	0	0	0
dissenting	1	0	0	0	0	0	0
dissents	1	0	0	0	0	0	0
dissident	1	0	0	0	0	0	0
dissidents	1	0	0	0	0	0	0
dissolution	1	0	0	0	0	0	0
dissolutions	1	0	0	0	0	0	0
distinction	0	1	0	0	0	0	0
distinctions	0	1	0	0	0	0	0
distinctive	0	1	0	0	0	0	0
distinctively	0	1	0	0	0	0	0
distinctiveness	0	1	0	0	0	0	0
distort	1	0	0	0	0	0	0
distorted	1	0	0	0	0	0	0
distorting	1	0	0	0	0	0	0
distortion	1	0	0	0	0	0	0
distortions	1	0	0	0	0	0	0
distorts	1	0	0	0	0	0	0
distract	1	0	0	0	0	0	0
distracted	1	0	0	0	0	0	0
distracting	1	0	0	0	0	0	0
distraction	1	0	0	0	0	0	0
distractions	1	0	0	0	0	0	0
distracts	1	0	0	0	0	0	0
distraint	0	0	0	1	0	0	0
distress	1	0	0	0	0	0	0
distressed	1	0	0	0	0	0	0
distributee	0	0	0	1	0	0	0
distributees	0	0	0	1	0	0	0
disturb	1	0	0	0	0	0	0
disturbance	1	0	0	0	0	0	0
disturbances	1	0	0	0	0	0	0
disturbed	1	0	0	0	0	0	0
disturbing	1	0	0	0	0	0	0
disturbs	1	0	0	0	0	0	0
diversion	1	0	0	0	0	0	0
divert	1	0	0	0	0	0	0
diverted	1	0	0	0	0	0	0
diverting	1	0	0	0	0	0	0
diverts	1	0	0	0	0	0	0
divest	1	0	0	0	0	0	0
divested	1	0	0	0	0	0	0
divesting	1	0	0	0	0	0	0
divestiture	1	0	0	0	0	0	0
divestitures	1	0	0	0	0	0	0
divestment	1	0	0	0	0	0	0
divestments	1	0	0	0	0	0	0
divests	1	0	0	0	0	0	0
divorce	1	0	0	0	0	0	0
divorced	1	0	0	0	0	0	0
divulge	1	0	0	0	0	0	0
divulged	1	0	0	0	0	0	0
divulges	1	0	0	0	0	0	0
divulging	1	0	0	0	0	0	0
docket	0	0	0	1	0	0	0
docketed	0	0	0	1	0	0	0
docketing	0	0	0	1	0	0	0
dockets	0	0	0	1	0	0	0
donees	0	0	0	1	0	0	0
doubt	1	0	1	0	0	0	0
doubted	1	0	1	0	0	0	0
doubtful	1	0	1	0	0	0	0
doubts	1	0	1	0	0	0	0
downgrade	1	0	0	0	0	0	0
downgraded	1	0	0	0	0	0	0
downgrades	1	0	0	0	0	0	0
downgrading	1	0	0	0	0	0	0
downsize	1	0	0	0	0	0	0
downsized	1	0	0	0	0	0	0
downsizes	1	0	0	0	0	0	0
downsizing	1	0	0	0	0	0	0
downsizings	1	0	0	0	0	0	0
downtime	1	0	0	0	0	0	0
downtimes	1	0	0	0	0	0	0
downturn	1	0	0	0	0	0	0
downturns	1	0	0	0	0	0	0
downward	1	0	0	0	0	0	0
downwards	1	0	0	0	0	0	0
drag	1	0	0	0	0	0	0
drastic	1	0	0	0	0	0	0
drastically	1	0	0	0	0	0	0
drawback	1	0	0	0	0	0	0
drawbacks	1	0	0	0	0	0	0
dream	0	1	0	0	0	0	0
drop	0	0	0	0	0	1	0
dropped	1	0	0	0	0	0	0
drought	1	0	0	0	0	0	0
droughts	1	0	0	0	0	0	0
duly	0	0	0	1	0	0	0
duress	1	0	0	0	0	0	0
dysfunction	1	0	0	0	0	0	0
dysfunctional	1	0	0	0	0	0	0
dysfunctions	1	0	0	0	0	0	0
earmark	0	0	0	0	1	0	0
earmarked	0	0	0	0	1	0	0
earmarking	0	0	0	0	1	0	0
earmarks	0	0	0	0	1	0	0
easier	0	1	0	0	0	0	0
easily	0	1	0	0	0	0	0
easing	1	0	0	0	0	0	0
easy	0	1	0	0	0	0	0
effective	0	1	0	0	0	0	0
efficiencies	0	1	0	0	0	0	0
efficiency	0	1	0	0	0	0	0
efficient	0	1	0	0	0	0	0
efficiently	0	1	0	0	0	0	0
egregious	1	0	0	0	0	0	0
egregiously	1	0	0	0	0	0	0
ejectment	0	0	0	1	0	0	0
embargo	1	0	0	0	0	0	0
embargoed	1	0	0	0	0	0	0
embargoes	1	0	0	0	0	0	0
embargoing	1	0	0	0	0	0	0
embarrass	1	0	0	0	0	0	0
embarrassed	1	0	0	0	0	0	0
embarrasses	1	0	0	0	0	0	0
embarrassing	1	0	0	0	0	0	0
embarrassment	1	0	0	0	0	0	0
embarrassments	1	0	0	0	0	0	0
embezzle	1	0	0	0	0	0	0
embezzled	1	0	0	0	0	0	0
embezzlement	1	0	0	0	0	0	0
embezzlements	1	0	0	0	0	0	0
embezzler	1	0	0	0	0	0	0
embezzles	1	0	0	0	0	0	0
embezzling	1	0	0	0	0	0	0
emotional	0	0	0	0	0	1	0
empower	0	1	0	0	0	0	0
empowered	0	1	0	0	0	0	0
empowering	0	1	0	0	0	0	0
empowers	0	1	0	0	0	0	0
enable	0	1	0	0	0	0	0
enabled	0	1	0	0	0	0	0
enables	0	1	0	0	0	0	0
enabling	0	1	0	0	0	0	0
encouraged	0	1	0	0	0	0	0
encouragement	0	1	0	0	0	0	0
encourages	0	1	0	0	0	0	0
encouraging	0	1	0	0	0	0	0
encroach	1	0	0	0	0	0	0
encroached	1	0	0	0	0	0	0
encroaches	1	0	0	0	0	0	0
encroaching	1	0	0	0	0	0	0
encroachment	1	0	0	0	0	0	0
encroachments	1	0	0	0	0	0	0
encumber	1	0	0	1	1	0	0
encumbered	1	0	0	1	1	0	0
encumbering	1	0	0	1	1	0	0
encumbers	1	0	0	1	1	0	0
encumbrance	1	0	0	1	1	0	0
encumbrancer	0	0	0	1	0	0	0
encumbrancers	0	0	0	1	0	0	0
encumbrances	1	0	0	1	1	0	0
endanger	1	0	0	0	0	0	0
endangered	1	0	0	0	0	0	0
endangering	1	0	0	0	0	0	0
endangerment	1	0	0	0	0	0	0
endangers	1	0	0	0	0	0	0
endorsee	0	0	0	1	0	0	0
enforceability	0	0	0	1	0	0	0
enforceable	0	0	0	1	0	0	0
enforceably	0	0	0	1	0	0	0
enhance	0	1	0	0	0	0	0
enhanced	0	1	0	0	0	0	0
enhancement	0	1	0	0	0	0	0
enhancements	0	1	0	0	0	0	0
enhances	0	1	0	0	0	0	0
enhancing	0	1	0	0	0	0	0
enjoin	1	0	0	0	0	0	0
enjoined	1	0	0	0	0	0	0
enjoining	1	0	0	0	0	0	0
enjoins	1	0	0	0	0	0	0
enjoy	0	1	0	0	0	0	0
enjoyable	0	1	0	0	0	0	0
enjoyably	0	1	0	0	0	0	0
enjoyed	0	1	0	0	0	0	0
enjoying	0	1	0	0	0	0	0
enjoyment	0	1	0	0	0	0	0
enjoys	0	1	0	0	0	0	0
entail	0	0	0	0	1	0	0
entailed	0	0	0	0	1	0	0
entailing	0	0	0	0	1	0	0
entails	0	0	0	0	1	0	0
enthusiasm	0	1	0	0	0	0	0
enthusiastic	0	1	0	0	0	0	0
enthusiastically	0	1	0	0	0	0	0
entrench	0	0	0	0	1	0	0
entrenched	0	0	0	0	1	0	0
erode	1	0	0	0	0	0	0
eroded	1	0	0	0	0	0	0
erodes	1	0	0	0	0	0	0
eroding	1	0	0	0	0	0	0
erosion	1	0	0	0	0	0	0
erratic	1	0	0	0	0	0	0
erratically	1	0	0	0	0	0	0
erred	1	0	0	0	0	0	0
erring	1	0	0	0	0	0	0
erroneous	1	0	0	0	0	0	0
erroneously	1	0	0	0	0	0	0
error	1	0	0	0	0	0	0
errors	1	0	0	0	0	0	0
errs	1	0	0	0	0	0	0
escalate	1	0	0	0	0	0	0
escalated	1	0	0	0	0	0	0
escalates	1	0	0	0	0	0	0
escalating	1	0	0	0	0	0	0
escheat	0	0	0	1	0	0	0
escheated	0	0	0	1	0	0	0
escheatment	0	0	0	1	0	0	0
escrow	0	0	0	0	1	0	0
escrowed	0	0	0	0	1	0	0
escrowing	0	0	0	1	0	0	0
escrows	0	0	0	0	1	0	0
estoppel	0	0	0	1	0	0	0
evade	1	0	0	0	0	0	0
evaded	1	0	0	0	0	0	0
evades	1	0	0	0	0	0	0
evading	1	0	0	0	0	0	0
evasion	1	0	0	0	0	0	0
evasions	1	0	0	0	0	0	0
evasive	1	0	0	0	0	0	0
evict	1	0	0	0	0	0	0
evicted	1	0	0	0	0	0	0
evicting	1	0	0	0	0	0	0
eviction	1	0	0	0	0	0	0
evictions	1	0	0	0	0	0	0
evicts	1	0	0	0	0	0	0
evidential	0	0	0	1	0	0	0
evidentiary	0	0	0	1	0	0	0
exacerbate	1	0	0	0	0	0	0
exacerbated	1	0	0	0	0	0	0
exacerbates	1	0	0	0	0	0	0
exacerbating	1	0	0	0	0	0	0
exacerbation	1	0	0	0	0	0	0
exacerbations	1	0	0	0	0	0	0
exaggerate	1	0	0	0	0	0	0
exaggerated	1	0	0	0	0	0	0
exaggerates	1	0	0	0	0	0	0
exaggerating	1	0	0	0	0	0	0
exaggeration	1	0	0	0	0	0	0
exceedance	0	0	0	1	0	0	0
exceedances	0	0	0	1	0	0	0
exceedences	0	0	0	1	0	0	0
excellence	0	1	0	0	0	0	0
excellent	0	1	0	0	0	0	0
excelling	0	1	0	0	0	0	0
excels	0	1	0	0	0	0	0
exceptional	0	1	0	0	0	0	0
exceptionally	0	1	0	0	0	0	0
excessive	1	0	0	0	0	0	0
excessively	1	0	0	0	0	0	0
excised	0	0	0	1	0	0	0
excited	0	1	0	0	0	0	0
excitement	0	1	0	0	0	0	0
exciting	0	1	0	0	0	0	0
exclusive	0	1	0	0	0	0	0
exclusively	0	1	0	0	0	0	0
exclusiveness	0	1	0	0	0	0	0
exclusives	0	1	0	0	0	0	0
exclusivity	0	1	0	0	0	0	0
exculpate	1	0	0	1	0	0	0
exculpated	1	0	0	1	0	0	0
exculpates	1	0	0	1	0	0	0
exculpating	1	0	0	1	0	0	0
exculpation	1	0	0	1	0	0	0
exculpations	1	0	0	1	0	0	0
exculpatory	1	0	0	1	0	0	0
executor	0	0	0	1	0	0	0
executors	0	0	0	1	0	0	0
executory	0	0	0	1	0	0	0
executrices	0	0	0	1	0	0	0
executrix	0	0	0	1	0	0	0
executrixes	0	0	0	1	0	0	0
exemplary	0	1	0	0	0	0	0
exonerate	1	0	0	0	0	0	0
exonerated	1	0	0	0	0	0	0
exonerates	1	0	0	0	0	0	0
exonerating	1	0	0	0	0	0	0
exoneration	1	0	0	0	0	0	0
exonerations	1	0	0	0	0	0	0
exploit	1	0	0	0	0	0	0
exploitation	1	0	0	0	0	0	0
exploitations	1	0	0	0	0	0	0
exploitative	1	0	0	0	0	0	0
exploited	1	0	0	0	0	0	0
exploiting	1	0	0	0	0	0	0
exploits	1	0	0	0	0	0	0
expose	1	0	0	0	0	0	0
exposed	1	0	0	0	0	0	0
exposes	1	0	0	0	0	0	0
exposing	1	0	0	0	0	0	0
exposure	0	0	1	0	0	0	0
exposures	0	0	1	0	0	0	0
expropriate	1	0	0	0	0	0	0
expropriated	1	0	0	0	0	0	0
expropriates	1	0	0	0	0	0	0
expropriating	1	0	0	0	0	0	0
expropriation	1	0	0	0	0	0	0
expropriations	1	0	0	0	0	0	0
expulsion	1	0	0	0	0	0	0
expulsions	1	0	0	0	0	0	0
extenuating	1	0	0	0	0	0	0
extracontractual	0	0	0	1	0	0	0
extracorporeal	0	0	0	1	0	0	0
extrajudicial	0	0	0	1	0	0	0
extraordinary	0	0	0	0	0	1	0
facie	0	0	0	1	0	0	0
facto	0	0	0	1	0	0	0
fail	1	0	0	0	0	0	0
failed	1	0	0	0	0	0	0
failing	1	0	0	0	0	0	0
failings	1	0	0	0	0	0	0
fails	1	0	0	0	0	0	0
failure	1	0	0	0	0	0	0
failures	1	0	0	0	0	0	0
fallout	1	0	0	0	0	0	0
false	1	0	0	0	0	0	0
falsely	1	0	0	0	0	0	0
falsification	1	0	0	0	0	0	0
falsifications	1	0	0	0	0	0	0
falsified	1	0	0	0	0	0	0
falsifies	1	0	0	0	0	0	0
falsify	1	0	0	0	0	0	0
falsifying	1	0	0	0	0	0	0
falsity	1	0	0	0	0	0	0
fantastic	0	1	0	0	0	0	0
fatal	0	0	0	0	0	1	0
fatalities	1	0	0	0	0	0	0
fatality	1	0	0	0	0	0	0
fatally	1	0	0	0	0	0	0
fault	1	0	0	0	0	0	0
faulted	1	0	0	0	0	0	0
faults	1	0	0	0	0	0	0
faulty	1	0	0	0	0	0	0
favorable	0	1	0	0	0	0	0
favorably	0	1	0	0	0	0	0
favored	0	1	0	0	0	0	0
favoring	0	1	0	0	0	0	0
favorite	0	1	0	0	0	0	0
favorites	0	1	0	0	0	0	0
fear	1	0	0	0	0	0	0
fears	1	0	0	0	0	0	0
felonies	1	0	0	1	0	0	0
felonious	1	0	0	1	0	0	0
felony	1	0	0	1	0	0	0
fictitious	1	0	0	0	0	0	0
fide	0	0	0	1	0	0	0
fined	1	0	0	0	0	0	0
fines	1	0	0	0	0	0	0
fired	1	0	0	0	0	0	0
firing	1	0	0	0	0	0	0
flaw	1	0	0	0	0	0	0
flawed	1	0	0	0	0	0	0
flaws	1	0	0	0	0	0	0
fluctuate	0	0	1	0	0	0	0
fluctuated	0	0	1	0	0	0	0
fluctuates	0	0	1	0	0	0	0
fluctuating	0	0	1	0	0	0	0
fluctuation	0	0	1	0	0	0	0
fluctuations	0	0	1	0	0	0	0
forbade	0	0	0	1	1	0	0
forbear	0	0	0	1	0	0	0
forbearance	0	0	0	1	0	0	0
forbearances	0	0	0	1	0	0	0
forbearing	0	0	0	1	0	0	0
forbears	0	0	0	1	0	0	0
forbid	1	0	0	0	1	0	0
forbidden	1	0	0	0	1	0	0
forbidding	1	0	0	0	1	0	0
forbids	1	0	0	0	1	0	0
force	1	0	0	0	0	0	0
forced	1	0	0	0	0	0	0
forcing	1	0	0	0	0	0	0
forebear	0	0	0	1	0	0	0
forebearance	0	0	0	1	0	0	0
forebears	0	0	0	1	0	0	0
foreclose	1	0	0	0	0	0	0
foreclosed	1	0	0	0	0	0	0
forecloses	1	0	0	0	0	0	0
foreclosing	1	0	0	0	0	0	0
foreclosure	1	0	0	0	0	0	0
foreclosures	1	0	0	0	0	0	0
forego	1	0	0	0	0	0	0
foregoes	1	0	0	0	0	0	0
foregone	1	0	0	0	0	0	0
forestall	1	0	0	0	0	0	0
forestalled	1	0	0	0	0	0	0
forestalling	1	0	0	0	0	0	0
forestalls	1	0	0	0	0	0	0
forfeit	1	0	0	0	0	0	0
forfeitability	0	0	0	1	0	0	0
forfeitable	0	0	0	1	0	0	0
forfeited	1	0	0	0	0	0	0
forfeiting	1	0	0	0	0	0	0
forfeits	1	0	0	0	0	0	0
forfeiture	1	0	0	0	0	0	0
forfeitures	1	0	0	0	0	0	0
forgers	1	0	0	0	0	0	0
forgery	1	0	0	0	0	0	0
forthwith	0	0	0	1	0	0	0
forwhich	0	0	0	1	0	0	0
fraud	1	0	0	0	0	0	0
frauds	1	0	0	0	0	0	0
fraudulence	1	0	0	0	0	0	0
fraudulent	1	0	0	0	0	0	0
fraudulently	1	0	0	0	0	0	0
freeze	0	0	0	0	0	1	0
frequently	0	0	0	0	0	0	1
friendly	0	1	0	0	0	0	0
frivolous	1	0	0	0	0	0	0
frivolously	1	0	0	0	0	0	0
frustrate	1	0	0	0	0	0	0
frustrated	1	0	0	0	0	0	0
frustrates	1	0	0	0	0	0	0
frustrating	1	0	0	0	0	0	0
frustratingly	1	0	0	0	0	0	0
frustration	1	0	0	0	0	0	0
frustrations	1	0	0	0	0	0	0
fugitive	1	0	0	1	0	0	0
fugitives	1	0	0	1	0	0	0
furtherance	0	0	0	1	0	0	0
gain	0	1	0	0	0	0	0
gained	0	1	0	0	0	0	0
gaining	0	1	0	0	0	0	0
gains	0	1	0	0	0	0	0
generally	0	0	0	0	0	0	1
good	0	1	0	0	0	0	0
graft	0	0	0	0	0	1	0
grantor	0	0	0	1	0	0	0
grantors	0	0	0	1	0	0	0
gratuitous	1	0	0	0	0	0	0
gratuitously	1	0	0	0	0	0	0
great	0	1	0	0	0	0	0
greater	0	1	0	0	0	0	0
greatest	0	1	0	0	0	0	0
greatly	0	1	0	0	0	0	0
greatness	0	1	0	0	0	0	0
grievance	1	0	0	0	0	0	0
grievances	1	0	0	0	0	0	0
grossly	1	0	0	0	0	0	0
groundless	1	0	0	0	0	0	0
guilty	1	0	0	0	0	0	0
halt	1	0	0	0	0	0	0
halted	1	0	0	0	0	0	0
hamper	1	0	0	0	0	0	0
hampered	1	0	0	0	0	0	0
hampering	1	0	0	0	0	0	0
hampers	1	0	0	0	0	0	0
happiest	0	1	0	0	0	0	0
happily	0	1	0	0	0	0	0
happiness	0	1	0	0	0	0	0
happy	0	1	0	0	0	0	0
harass	1	0	0	0	0	0	0
harassed	1	0	0	0	0	0	0
harassing	1	0	0	0	0	0	0
harassment	1	0	0	0	0	0	0
hardship	1	0	0	0	0	0	0
hardships	1	0	0	0	0	0	0
harm	1	0	0	0	0	0	0
harmed	1	0	0	0	0	0	0
harmful	1	0	0	0	0	0	0
harmfully	1	0	0	0	0	0	0
harming	1	0	0	0	0	0	0
harms	1	0	0	0	0	0	0
harsh	1	0	0	0	0	0	0
harsher	1	0	0	0	0	0	0
harshest	1	0	0	0	0	0	0
harshly	1	0	0	0	0	0	0
harshness	1	0	0	0	0	0	0
hazard	1	0	0	0	0	0	0
hazardous	1	0	0	0	0	0	0
hazards	1	0	0	0	0	0	0
henceforth	0	0	0	1	0	0	0
henceforward	0	0	0	1	0	0	0
hereafter	0	0	0	1	0	0	0
hereby	0	0	0	1	0	0	0
hereditaments	0	0	0	1	0	0	0
herefor	0	0	0	1	0	0	0
herefore	0	0	0	1	0	0	0
herefrom	0	0	0	1	0	0	0
herein	0	0	0	1	0	0	0
hereinabove	0	0	0	1	0	0	0
hereinafter	0	0	0	1	0	0	0
hereinbefore	0	0	0	1	0	0	0
hereinbelow	0	0	0	1	0	0	0
hereof	0	0	0	1	0	0	0
hereon	0	0	0	1	0	0	0
hereto	0	0	0	1	0	0	0
heretofore	0	0	0	1	0	0	0
hereunder	0	0	0	1	0	0	0
hereunto	0	0	0	1	0	0	0
hereupon	0	0	0	1	0	0	0
herewith	0	0	0	1	0	0	0
herewithin	0	0	0	1	0	0	0
hidden	0	0	1	0	0	0	0
highest	0	1	0	0	0	0	1
hinder	1	0	0	0	0	0	0
hindered	1	0	0	0	0	0	0
hindering	1	0	0	0	0	0	0
hinders	1	0	0	0	0	0	0
hindrance	1	0	0	0	0	0	0
hindrances	1	0	0	0	0	0	0
hinges	0	0	1	0	0	0	0
honesty	0	0	0	0	0	1	0
honor	0	1	0	0	0	0	0
honorable	0	1	0	0	0	0	0
honored	0	1	0	0	0	0	0
honoring	0	1	0	0	0	0	0
honors	0	1	0	0	0	0	0
hostile	1	0	0	0	0	0	0
hostility	1	0	0	0	0	0	0
hurt	1	0	0	0	0	0	0
hurting	1	0	0	0	0	0	0
ideal	0	1	0	0	0	0	0
idle	1	0	0	0	0	0	0
idled	1	0	0	0	0	0	0
idling	1	0	0	0	0	0	0
ignore	1	0	0	0	0	0	0
ignored	1	0	0	0	0	0	0
ignores	1	0	0	0	0	0	0
ignoring	1	0	0	0	0	0	0
ill	1	0	0	0	0	0	0
illegal	1	0	0	0	0	0	0
illegalities	1	0	0	0	0	0	0
illegality	1	0	0	0	0	0	0
illegally	1	0	0	0	0	0	0
illegible	1	0	0	0	0	0	0
illicit	1	0	0	0	0	0	0
illicitly	1	0	0	0	0	0	0
illiquid	1	0	0	0	0	0	0
illiquidity	1	0	0	0	0	0	0
imbalance	1	0	0	0	0	0	0
imbalances	1	0	0	0	0	0	0
immateriality	0	0	0	1	0	0	0
immature	1	0	0	0	0	0	0
immoral	1	0	0	0	0	0	0
impair	1	0	0	0	1	0	0
impaired	1	0	0	0	1	0	0
impairing	1	0	0	0	1	0	0
impairment	1	0	0	0	1	0	0
impairments	1	0	0	0	1	0	0
impairs	1	0	0	0	1	0	0
impasse	1	0	0	0	0	0	0
impasses	1	0	0	0	0	0	0
impede	1	0	0	0	0	0	0
impeded	1	0	0	0	0	0	0
impedes	1	0	0	0	0	0	0
impediment	1	0	0	0	0	0	0
impediments	1	0	0	0	0	0	0
impeding	1	0	0	0	0	0	0
impending	1	0	0	0	0	0	0
imperative	1	0	0	0	0	0	0
imperfection	1	0	0	0	0	0	0
imperfections	1	0	0	0	0	0	0
imperil	1	0	0	0	0	0	0
impermissible	1	0	0	0	0	0	0
impleaded	0	0	0	1	0	0	0
implicate	1	0	0	0	0	0	0
implicated	1	0	0	0	0	0	0
implicates	1	0	0	0	0	0	0
implicating	1	0	0	0	0	0	0
impose	0	0	0	0	1	0	0
imposed	0	0	0	0	1	0	0
imposes	0	0	0	0	1	0	0
imposing	0	0	0	0	1	0	0
imposition	0	0	0	0	1	0	0
impositions	0	0	0	0	1	0	0
impossibility	1	0	0	0	0	0	0
impossible	1	0	0	0	0	0	0
impound	1	0	0	0	0	0	0
impounded	1	0	0	0	0	0	0
impounding	1	0	0	0	0	0	0
impounds	1	0	0	0	0	0	0
impracticable	1	0	0	0	0	0	0
impractical	1	0	0	0	0	0	0
impracticalities	1	0	0	0	0	0	0
impracticality	1	0	0	0	0	0	0
imprecise	0	0	1	0	0	0	0
imprecision	0	0	1	0	0	0	0
imprecisions	0	0	1	0	0	0	0
impress	0	1	0	0	0	0	0
impressed	0	1	0	0	0	0	0
impresses	0	1	0	0	0	0	0
impressing	0	1	0	0	0	0	0
impressive	0	1	0	0	0	0	0
impressively	0	1	0	0	0	0	0
imprisonment	1	0	0	0	0	0	0
improbability	0	0	1	0	0	0	0
improbable	0	0	1	0	0	0	0
improper	1	0	0	0	0	0	0
improperly	1	0	0	0	0	0	0
improprieties	1	0	0	0	0	0	0
impropriety	1	0	0	0	0	0	0
improve	0	1	0	0	0	0	0
improved	0	1	0	0	0	0	0
improvement	0	1	0	0	0	0	0
improvements	0	1	0	0	0	0	0
improves	0	1	0	0	0	0	0
improving	0	1	0	0	0	0	0
imprudent	1	0	0	0	0	0	0
imprudently	1	0	0	0	0	0	0
inability	1	0	0	0	0	0	0
inaccessible	1	0	0	0	0	0	0
inaccuracies	1	0	0	0	0	0	0
inaccuracy	1	0	0	0	0	0	0
inaccurate	1	0	0	0	0	0	0
inaccurately	1	0	0	0	0	0	0
inaction	1	0	0	0	0	0	0
inactions	1	0	0	0	0	0	0
inactivate	1	0	0	0	0	0	0
inactivated	1	0	0	0	0	0	0
inactivates	1	0	0	0	0	0	0
inactivating	1	0	0	0	0	0	0
inactivation	1	0	0	0	0	0	0
inactivations	1	0	0	0	0	0	0
inactivity	1	0	0	0	0	0	0
inadequacies	1	0	0	0	0	0	0
inadequacy	1	0	0	0	0	0	0
inadequate	1	0	0	0	0	0	0
inadequately	1	0	0	0	0	0	0
inadvertent	1	0	0	0	0	0	0
inadvertently	1	0	0	0	0	0	0
inadvisability	1	0	0	0	0	0	0
inadvisable	1	0	0	0	0	0	0
inappropriate	1	0	0	0	0	0	0
inappropriately	1	0	0	0	0	0	0
inasmuch	0	0	0	1	0	0	0
inattention	1	0	0	0	0	0	0
incapable	1	0	0	0	0	0	0
incapacitated	1	0	0	0	0	0	0
incapacity	1	0	0	1	0	0	0
incarcerate	1	0	0	1	0	0	0
incarcerated	1	0	0	1	0	0	0
incarcerates	1	0	0	1	0	0	0
incarcerating	1	0	0	1	0	0	0
incarceration	1	0	0	1	0	0	0
incarcerations	1	0	0	1	0	0	0
inchoate	0	0	0	1	0	0	0
incidence	1	0	0	0	0	0	0
incidences	1	0	0	0	0	0	0
incident	1	0	0	0	0	0	0
incidents	1	0	0	0	0	0	0
incompatibilities	1	0	0	0	0	0	0
incompatibility	1	0	0	0	0	0	0
incompatible	1	0	0	0	0	0	0
incompetence	1	0	0	0	0	0	0
incompetency	1	0	0	0	0	0	0
incompetent	1	0	0	0	0	0	0
incompetently	1	0	0	0	0	0	0
incompetents	1	0	0	0	0	0	0
incomplete	1	0	0	0	0	0	0
incompletely	1	0	0	0	0	0	0
incompleteness	1	0	1	0	0	0	0
inconclusive	1	0	0	0	0	0	0
inconsistencies	1	0	0	0	0	0	0
inconsistency	1	0	0	0	0	0	0
inconsistent	1	0	0	0	0	0	0
inconsistently	1	0	0	0	0	0	0
incontestability	0	0	0	1	0	0	0
incontestable	0	0	0	1	0	0	0
inconvenience	1	0	0	0	0	0	0
inconveniences	1	0	0	0	0	0	0
inconvenient	1	0	0	0	0	0	0
incorrect	1	0	0	0	0	0	0
incorrectly	1	0	0	0	0	0	0
incorrectness	1	0	0	0	0	0	0
increases	0	0	0	0	0	1	0
increasing	0	0	0	0	0	1	0
incredible	0	1	0	0	0	1	0
incredibly	0	1	0	0	0	0	0
incurable	0	0	0	0	0	1	0
indebted	0	0	0	0	1	0	0
indecency	1	0	0	0	0	0	0
indecent	1	0	0	0	0	0	0
indefeasible	1	0	0	0	0	0	0
indefeasibly	1	0	0	0	0	0	0
indefinite	0	0	1	0	0	0	0
indefinitely	0	0	1	0	0	0	0
indefiniteness	0	0	1	0	0	0	0
indemnifiable	0	0	0	1	0	0	0
indemnification	0	0	0	1	0	0	0
indemnifications	0	0	0	1	0	0	0
indemnified	0	0	0	1	0	0	0
indemnifies	0	0	0	1	0	0	0
indemnify	0	0	0	1	0	0	0
indemnifying	0	0	0	1	0	0	0
indemnitee	0	0	0	1	0	0	0
indemnitees	0	0	0	1	0	0	0
indemnities	0	0	0	1	0	0	0
indemnitor	0	0	0	1	0	0	0
indemnitors	0	0	0	1	0	0	0
indemnity	0	0	0	1	0	0	0
indeterminable	0	0	1	0	0	0	0
indeterminate	0	0	1	0	0	0	0
indict	1	0	0	1	0	0	0
indictable	1	0	0	1	0	0	0
indicted	1	0	0	1	0	0	0
indicting	1	0	0	1	0	0	0
indictment	1	0	0	1	0	0	0
indictments	1	0	0	1	0	0	0
indorsees	0	0	0	1	0	0	0
ineffective	1	0	0	0	0	0	0
ineffectively	1	0	0	0	0	0	0
ineffectiveness	1	0	0	0	0	0	0
inefficiencies	1	0	0	0	0	0	0
inefficiency	1	0	0	0	0	0	0
inefficient	1	0	0	0	0	0	0
inefficiently	1	0	0	0	0	0	0
ineligibility	1	0	0	0	0	0	0
ineligible	1	0	0	0	0	0	0
inequitable	1	0	0	0	0	0	0
inequitably	1	0	0	0	0	0	0
inequities	1	0	0	0	0	0	0
inequity	1	0	0	0	0	0	0
inevitable	1	0	0	0	0	0	0
inexact	0	0	1	0	0	0	0
inexactness	0	0	1	0	0	0	0
inexperience	1	0	0	0	0	0	0
inexperienced	1	0	0	0	0	0	0
infection	0	0	0	0	0	1	0
inferior	1	0	0	0	0	0	0
inflicted	1	0	0	0	0	0	0
influential	0	1	0	0	0	0	0
inforce	0	0	0	1	0	0	0
informative	0	1	0	0	0	0	0
infraction	1	0	0	1	0	0	0
infractions	1	0	0	1	0	0	0
infringe	1	0	0	0	0	0	0
infringed	1	0	0	0	0	0	0
infringement	1	0	0	0	0	0	0
infringements	1	0	0	0	0	0	0
infringer	0	0	0	1	0	0	0
infringes	1	0	0	0	0	0	0
infringing	1	0	0	0	0	0	0
ingenuity	0	1	0	0	0	0	0
inhibit	0	0	0	0	1	0	0
inhibited	1	0	0	0	1	0	0
inhibiting	0	0	0	0	1	0	0
inhibits	0	0	0	0	1	0	0
inimical	1	0	0	0	0	0	0
injunction	1	0	0	1	0	0	0
injunctions	1	0	0	1	0	0	0
injunctive	0	0	0	1	0	0	0
injure	1	0	0	0	0	0	0
injured	1	0	0	0	0	0	0
injures	1	0	0	0	0	0	0
injuries	1	0	0	0	0	0	0
injuring	1	0	0	0	0	0	0
injurious	1	0	0	0	0	0	0
injury	1	0	0	0	0	0	0
innovate	0	1	0	0	0	0	0
innovated	0	1	0	0	0	0	0
innovates	0	1	0	0	0	0	0
innovating	0	1	0	0	0	0	0
innovation	0	1	0	0	0	0	0
innovations	0	1	0	0	0	0	0
innovative	0	1	0	0	0	0	0
innovativeness	0	1	0	0	0	0	0
innovator	0	1	0	0	0	0	0
innovators	0	1	0	0	0	0	0
inoperable	0	0	0	0	0	1	0
inordinate	1	0	0	0	0	0	0
inordinately	1	0	0	0	0	0	0
inquiry	1	0	0	0	0	0	0
insecure	1	0	0	0	0	0	0
insensitive	1	0	0	0	0	0	0
insightful	0	1	0	0	0	0	0
insist	0	0	0	0	1	0	0
insisted	0	0	0	0	1	0	0
insistence	0	0	0	0	1	0	0
insisting	0	0	0	0	1	0	0
insists	0	0	0	0	1	0	0
insofar	0	0	0	1	0	0	0
insolvencies	1	0	0	0	0	0	0
insolvency	1	0	0	0	0	0	0
insolvent	1	0	0	0	0	0	0
inspiration	0	1	0	0	0	0	0
inspirational	0	1	0	0	0	0	0
instabilities	0	0	1	0	0	0	0
instability	1	0	1	0	0	0	0
insubordination	1	0	0	0	0	0	0
insufficiency	1	0	0	0	0	0	0
insufficient	1	0	0	0	0	0	0
insufficiently	1	0	0	0	0	0	0
insurrection	1	0	0	0	0	0	0
insurrections	1	0	0	0	0	0	0
intangible	0	0	1	0	0	0	0
intangibles	0	0	1	0	0	0	0
integrity	0	1	0	0	0	0	0
intentional	1	0	0	0	0	0	0
interfere	1	0	0	0	0	0	0
interfered	1	0	0	0	0	0	0
interference	1	0	0	0	0	0	0
interferences	1	0	0	0	0	0	0
interferes	1	0	0	0	0	0	0
interfering	1	0	0	0	0	0	0
interlocutory	0	0	0	1	0	0	0
intermittent	1	0	0	0	0	0	0
intermittently	1	0	0	0	0	0	0
interpleader	0	0	0	1	0	0	0
interpose	0	0	0	1	0	0	0
interposed	0	0	0	1	0	0	0
interposes	0	0	0	1	0	0	0
interposing	0	0	0	1	0	0	0
interposition	0	0	0	1	0	0	0
interpositions	0	0	0	1	0	0	0
interrogate	0	0	0	1	0	0	0
interrogated	0	0	0	1	0	0	0
interrogates	0	0	0	1	0	0	0
interrogating	0	0	0	1	0	0	0
interrogation	0	0	0	1	0	0	0
interrogations	0	0	0	1	0	0	0
interrogator	0	0	0	1	0	0	0
interrogatories	0	0	0	1	0	0	0
interrogators	0	0	0	1	0	0	0
interrogatory	0	0	0	1	0	0	0
interrupt	1	0	0	0	0	0	0
interrupted	1	0	0	0	0	0	0
interrupting	1	0	0	0	0	0	0
interruption	1	0	0	0	0	0	0
interruptions	1	0	0	0	0	0	0
interrupts	1	0	0	0	0	0	0
intestacy	0	0	0	1	0	0	0
intestate	0	0	0	1	0	0	0
intimidation	1	0	0	0	0	0	0
intrusion	1	0	0	0	0	0	0
invalid	1	0	0	0	0	0	0
invalidate	1	0	0	0	0	0	0
invalidated	1	0	0	0	0	0	0
invalidates	1	0	0	0	0	0	0
invalidating	1	0	0	0	0	0	0
invalidation	1	0	0	0	0	0	0
invalidity	1	0	0	0	0	0	0
invent	0	1	0	0	0	0	0
invented	0	1	0	0	0	0	0
inventing	0	1	0	0	0	0	0
invention	0	1	0	0	0	0	0
inventions	0	1	0	0	0	0	0
inventive	0	1	0	0	0	0	0
inventiveness	0	1	0	0	0	0	0
inventor	0	1	0	0	0	0	0
inventors	0	1	0	0	0	0	0
investigate	1	0	0	0	0	0	0
investigated	1	0	0	0	0	0	0
investigates	1	0	0	0	0	0	0
investigating	1	0	0	0	0	0	0
investigation	1	0	0	0	0	0	0
investigations	1	0	0	0	0	0	0
involuntarily	1	0	0	0	0	0	0
involuntary	1	0	0	0	0	0	0
irreconcilable	1	0	0	0	0	0	0
irreconcilably	1	0	0	0	0	0	0
irrecoverable	1	0	0	0	0	0	0
irrecoverably	1	0	0	0	0	0	0
irregular	1	0	0	0	0	0	0
irregularities	1	0	0	0	0	0	0
irregularity	1	0	0	0	0	0	0
irregularly	1	0	0	0	0	0	0
irreparable	1	0	0	0	0	0	0
irreparably	1	0	0	0	0	0	0
irreversible	1	0	0	0	0	0	0
irrevocability	0	0	0	1	0	0	0
irrevocable	0	0	0	1	1	0	0
irrevocably	0	0	0	1	1	0	0
jeopardize	1	0	0	0	0	0	0
jeopardized	1	0	0	0	0	0	0
joinder	0	0	0	1	0	0	0
judicial	0	0	0	1	0	0	0
judicially	0	0	0	1	0	0	0
judiciaries	0	0	0	1	0	0	0
judiciary	0	0	0	1	0	0	0
juries	0	0	0	1	0	0	0
juris	0	0	0	1	0	0	0
jurisdiction	0	0	0	1	0	0	0
jurisdictional	0	0	0	1	0	0	0
jurisdictionally	0	0	0	1	0	0	0
jurisdictions	0	0	0	1	0	0	0
jurisprudence	0	0	0	1	0	0	0
jurist	0	0	0	1	0	0	0
jurists	0	0	0	1	0	0	0
juror	0	0	0	1	0	0	0
jurors	0	0	0	1	0	0	0
jury	0	0	0	1	0	0	0
juryman	0	0	0	1	0	0	0
justice	0	0	0	1	0	0	0
justices	0	0	0	1	0	0	0
justifiable	1	0	0	0	0	0	0
kickback	1	0	0	0	0	0	0
kickbacks	1	0	0	0	0	0	0
knowingly	1	0	0	0	0	0	0
lack	1	0	0	0	0	0	0
lacked	1	0	0	0	0	0	0
lacking	1	0	0	0	0	0	0
lackluster	1	0	0	0	0	0	0
lacks	1	0	0	0	0	0	0
lag	1	0	0	0	0	0	0
lagged	1	0	0	0	0	0	0
lagging	1	0	0	0	0	0	0
lags	1	0	0	0	0	0	0
lapse	1	0	0	0	0	0	0
lapsed	1	0	0	0	0	0	0
lapses	1	0	0	0	0	0	0
lapsing	1	0	0	0	0	0	0
late	1	0	0	0	0	0	0
laundering	1	0	0	0	0	0	0
law	0	0	0	1	0	0	0
lawful	0	0	0	1	0	0	0
lawfully	0	0	0	1	0	0	0
lawfulness	0	0	0	1	0	0	0
lawmakers	0	0	0	1	0	0	0
lawmaking	0	0	0	1	0	0	0
laws	0	0	0	1	0	0	0
lawsuit	0	0	0	1	0	0	0
lawsuits	0	0	0	1	0	0	0
lawyer	0	0	0	1	0	0	0
lawyers	0	0	0	1	0	0	0
layoff	1	0	0	0	0	0	0
layoffs	1	0	0	0	0	0	0
leadership	0	1	0	0	0	0	0
leading	0	1	0	0	0	0	0
legal	0	0	0	1	0	0	0
legalese	0	0	0	1	0	0	0
legality	0	0	0	1	0	0	0
legalization	0	0	0	1	0	0	0
legalizations	0	0	0	1	0	0	0
legalize	0	0	0	1	0	0	0
legalized	0	0	0	1	0	0	0
legalizes	0	0	0	1	0	0	0
legalizing	0	0	0	1	0	0	0
legally	0	0	0	1	0	0	0
legals	0	0	0	1	0	0	0
legatee	0	0	0	1	0	0	0
legatees	0	0	0	1	0	0	0
legislate	0	0	0	1	0	0	0
legislated	0	0	0	1	0	0	0
legislates	0	0	0	1	0	0	0
legislating	0	0	0	1	0	0	0
legislation	0	0	0	1	0	0	0
legislations	0	0	0	1	0	0	0
legislative	0	0	0	1	0	0	0
legislatively	0	0	0	1	0	0	0
legislator	0	0	0	1	0	0	0
legislators	0	0	0	1	0	0	0
legislature	0	0	0	1	0	0	0
legislatures	0	0	0	1	0	0	0
lesions	0	0	0	0	0	1	0
libel	0	0	0	1	0	0	0
libeled	0	0	0	1	0	0	0
libelous	0	0	0	1	0	0	0
libels	0	0	0	1	0	0	0
licensable	0	0	0	1	0	0	0
lie	1	0	0	0	0	0	0
lienholders	0	0	0	1	0	0	0
lies	0	0	0	0	0	1	0
likelihood	0	0	1	0	0	0	0
likely	0	0	0	0	0	0	1
limit	0	0	0	0	1	0	0
limitation	1	0	0	0	0	0	0
limitations	1	0	0	0	0	0	0
limiting	0	0	0	0	1	0	0
limits	0	0	0	0	1	0	0
lingering	1	0	0	0	0	0	0
liquidate	1	0	0	0	0	0	0
liquidated	1	0	0	0	0	0	0
liquidates	1	0	0	0	0	0	0
liquidating	1	0	0	0	0	0	0
liquidation	1	0	0	0	0	0	0
liquidations	1	0	0	0	0	0	0
liquidator	1	0	0	0	0	0	0
liquidators	1	0	0	0	0	0	0
litigant	1	0	0	1	0	0	0
litigants	1	0	0	1	0	0	0
litigate	1	0	0	1	0	0	0
litigated	1	0	0	1	0	0	0
litigates	1	0	0	1	0	0	0
litigating	1	0	0	1	0	0	0
litigation	1	0	0	1	0	0	0
litigations	1	0	0	1	0	0	0
litigator	0	0	0	1	0	0	0
litigators	0	0	0	1	0	0	0
litigious	0	0	0	1	0	0	0
litigiousness	0	0	0	1	0	0	0
lockout	1	0	0	0	0	0	0
lockouts	1	0	0	0	0	0	0
lose	1	0	0	0	0	0	0
loses	1	0	0	0	0	0	0
losing	1	0	0	0	0	0	0
loss	1	0	0	0	0	0	0
losses	1	0	0	0	0	0	0
lost	1	0	0	0	0	0	0
lowest	0	0	0	0	0	0	1
loyal	0	1	0	0	0	0	0
lucrative	0	1	0	0	0	0	0
lying	1	0	0	0	0	0	0
majeure	0	0	0	1	0	0	0
malfeasance	1	0	0	0	0	0	0
malfunction	1	0	0	0	0	0	0
malfunctioned	1	0	0	0	0	0	0
malfunctioning	1	0	0	0	0	0	0
malfunctions	1	0	0	0	0	0	0
malice	1	0	0	0	0	0	0
malicious	1	0	0	0	0	0	0
maliciously	1	0	0	0	0	0	0
malignancies	0	0	0	0	0	1	0
malignant	0	0	0	0	0	1	0
malpractice	1	0	0	0	0	0	0
mandamus	0	0	0	1	0	0	0
mandate	0	0	0	0	1	0	0
mandated	0	0	0	0	1	0	0
mandates	0	0	0	0	1	0	0
mandating	0	0	0	0	1	0	0
mandatory	0	0	0	0	1	0	0
manditorily	0	0	0	0	1	0	0
manipulate	1	0	0	0	0	0	0
manipulated	1	0	0	0	0	0	0
manipulates	1	0	0	0	0	0	0
manipulating	1	0	0	0	0	0	0
manipulation	1	0	0	0	0	0	0
manipulations	1	0	0	0	0	0	0
manipulative	1	0	0	0	0	0	0
march	0	0	0	0	0	1	0
markdown	1	0	0	0	0	0	0
markdowns	1	0	0	0	0	0	0
may	0	0	1	0	0	0	1
maybe	0	0	1	0	0	0	1
mediate	0	0	0	1	0	0	0
mediated	0	0	0	1	0	0	0
mediates	0	0	0	1	0	0	0
mediating	0	0	0	1	0	0	0
mediation	0	0	0	1	0	0	0
mediations	0	0	0	1	0	0	0
mediator	0	0	0	1	0	0	0
mediators	0	0	0	1	0	0	0
meritorious	0	1	0	0	0	0	0
might	0	0	1	0	0	0	1
mighty	0	0	0	0	0	1	0
misapplication	1	0	0	0	0	0	0
misapplications	1	0	0	0	0	0	0
misapplied	1	0	0	0	0	0	0
misapplies	1	0	0	0	0	0	0
misapply	1	0	0	0	0	0	0
misapplying	1	0	0	0	0	0	0
misappropriate	1	0	0	0	0	0	0
misappropriated	1	0	0	0	0	0	0
misappropriates	1	0	0	0	0	0	0
misappropriating	1	0	0	0	0	0	0
misappropriation	1	0	0	0	0	0	0
misappropriations	1	0	0	0	0	0	0
misbranded	1	0	0	0	0	0	0
miscalculate	1	0	0	0	0	0	0
miscalculated	1	0	0	0	0	0	0
miscalculates	1	0	0	0	0	0	0
miscalculating	1	0	0	0	0	0	0
miscalculation	1	0	0	0	0	0	0
miscalculations	1	0	0	0	0	0	0
mischaracterization	1	0	0	0	0	0	0
mischief	1	0	0	0	0	0	0
misclassification	1	0	0	0	0	0	0
misclassifications	1	0	0	0	0	0	0
misclassified	1	0	0	0	0	0	0
misclassify	1	0	0	0	0	0	0
miscommunication	1	0	0	0	0	0	0
misconduct	1	0	0	0	0	0	0
misdated	1	0	0	0	0	0	0
misdemeanor	1	0	0	1	0	0	0
misdemeanors	1	0	0	0	0	0	0
misdirected	1	0	0	0	0	0	0
misfeasance	0	0	0	1	0	0	0
mishandle	1	0	0	0	0	0	0
mishandled	1	0	0	0	0	0	0
mishandles	1	0	0	0	0	0	0
mishandling	1	0	0	0	0	0	0
misinform	1	0	0	0	0	0	0
misinformation	1	0	0	0	0	0	0
misinformed	1	0	0	0	0	0	0
misinforming	1	0	0	0	0	0	0
misinforms	1	0	0	0	0	0	0
misinterpret	1	0	0	0	0	0	0
misinterpretation	1	0	0	0	0	0	0
misinterpretations	1	0	0	0	0	0	0
misinterpreted	1	0	0	0	0	0	0
misinterpreting	1	0	0	0	0	0	0
misinterprets	1	0	0	0	0	0	0
misjudge	1	0	0	0	0	0	0
misjudged	1	0	0	0	0	0	0
misjudges	1	0	0	0	0	0	0
misjudging	1	0	0	0	0	0	0
misjudgment	1	0	0	0	0	0	0
misjudgments	1	0	0	0	0	0	0
mislabel	1	0	0	0	0	0	0
mislabeled	1	0	0	0	0	0	0
mislabeling	1	0	0	0	0	0	0
mislabelled	1	0	0	0	0	0	0
mislabels	1	0	0	0	0	0	0
mislead	1	0	0	0	0	0	0
misleading	1	0	0	0	0	0	0
misleadingly	1	0	0	0	0	0	0
misleads	1	0	0	0	0	0	0
misled	1	0	0	0	0	0	0
mismanage	1	0	0	0	0	0	0
mismanaged	1	0	0	0	0	0	0
mismanagement	1	0	0	0	0	0	0
mismanages	1	0	0	0	0	0	0
mismanaging	1	0	0	0	0	0	0
mismatch	1	0	0	0	0	0	0
mismatched	1	0	0	0	0	0	0
mismatches	1	0	0	0	0	0	0
mismatching	1	0	0	0	0	0	0
misplaced	1	0	0	0	0	0	0
misprice	1	0	0	0	0	0	0
mispricing	1	0	0	0	0	0	0
mispricings	1	0	0	0	0	0	0
misrepresent	1	0	0	0	0	0	0
misrepresentation	1	0	0	0	0	0	0
misrepresentations	1	0	0	0	0	0	0
misrepresented	1	0	0	0	0	0	0
misrepresenting	1	0	0	0	0	0	0
misrepresents	1	0	0	0	0	0	0
miss	1	0	0	0	0	0	0
missed	1	0	0	0	0	0	0
misses	1	0	0	0	0	0	0
misstate	1	0	0	0	0	0	0
misstated	1	0	0	0	0	0	0
misstatement	1	0	0	0	0	0	0
misstatements	1	0	0	0	0	0	0
misstates	1	0	0	0	0	0	0
misstating	1	0	0	0	0	0	0
misstep	1	0	0	0	0	0	0
missteps	1	0	0	0	0	0	0
mistake	1	0	0	0	0	0	0
mistaken	1	0	0	0	0	0	0
mistakenly	1	0	0	0	0	0	0
mistakes	1	0	0	0	0	0	0
mistaking	1	0	0	0	0	0	0
mistrial	1	0	0	1	0	0	0
mistrials	1	0	0	1	0	0	0
misunderstand	1	0	0	0	0	0	0
misunderstanding	1	0	0	0	0	0	0
misunderstandings	1	0	0	0	0	0	0
misunderstood	1	0	0	0	0	0	0
misuse	1	0	0	0	0	0	0
misused	1	0	0	0	0	0	0
misuses	1	0	0	0	0	0	0
misusing	1	0	0	0	0	0	0
monopolistic	1	0	0	0	0	0	0
monopolists	1	0	0	0	0	0	0
monopolization	1	0	0	0	0	0	0
monopolize	1	0	0	0	0	0	0
monopolized	1	0	0	0	0	0	0
monopolizes	1	0	0	0	0	0	0
monopolizing	1	0	0	0	0	0	0
monopoly	1	0	0	0	0	0	0
moratoria	1	0	0	0	0	0	0
moratorium	1	0	0	0	0	0	0
moratoriums	1	0	0	0	0	0	0
moreover	0	0	0	1	0	0	0
mortgagee	0	0	0	0	0	1	0
mothballed	1	0	0	0	0	0	0
mothballing	1	0	0	0	0	0	0
motions	0	0	0	1	0	0	0
must	0	0	0	0	0	0	1
mutandis	0	0	0	1	0	0	0
nearly	0	0	1	0	0	0	1
necessitate	0	0	0	0	1	0	0
necessitated	0	0	0	0	1	0	0
necessitates	0	0	0	0	1	0	0
necessitating	0	0	0	0	1	0	0
negative	1	0	0	0	0	0	0
negatively	1	0	0	0	0	0	0
negatives	1	0	0	0	0	0	0
neglect	1	0	0	0	0	0	0
neglected	1	0	0	0	0	0	0
neglectful	1	0	0	0	0	0	0
neglecting	1	0	0	0	0	0	0
neglects	1	0	0	0	0	0	0
negligence	1	0	0	0	0	0	0
negligences	1	0	0	0	0	0	0
negligent	1	0	0	0	0	0	0
negligently	1	0	0	0	0	0	0
never	0	0	0	0	0	0	1
nolo	0	0	0	1	0	0	0
nonappealable	0	0	0	1	0	0	0
nonassessable	0	0	1	0	0	0	0
nonattainment	1	0	0	0	0	0	0
nonbreaching	0	0	0	1	0	0	0
noncancelable	0	0	0	0	1	0	0
noncancellable	0	0	0	0	1	0	0
noncompetitive	1	0	0	0	0	0	0
noncompliance	1	0	0	0	0	0	0
noncompliances	1	0	0	0	0	0	0
noncompliant	1	0	0	0	0	0	0
noncomplying	1	0	0	0	0	0	0
nonconforming	1	0	0	0	0	0	0
nonconformities	1	0	0	0	0	0	0
nonconformity	1	0	0	0	0	0	0
noncontingent	0	0	0	1	0	0	0
noncontract	0	0	0	1	0	0	0
noncontractual	0	0	0	1	0	0	0
noncontributory	0	0	0	1	0	0	0
nondisclosure	1	0	0	0	0	0	0
nonfeasance	0	0	0	1	0	0	0
nonfiduciary	0	0	0	1	0	0	0
nonforfeitability	0	0	0	1	0	0	0
nonforfeitable	0	0	0	1	0	0	0
nonforfeiture	0	0	0	1	0	0	0
nonfunctional	1	0	0	0	0	0	0
nonguarantor	0	0	0	1	0	0	0
noninfringement	0	0	0	1	0	0	0
noninfringing	0	0	0	1	0	0	0
nonjudicial	0	0	0	1	0	0	0
nonjudicially	0	0	0	1	0	0	0
nonjurisdictional	0	0	0	1	0	0	0
nonpayment	1	0	0	0	0	0	0
nonpayments	1	0	0	0	0	0	0
nonperformance	1	0	0	0	0	0	0
nonperformances	1	0	0	0	0	0	0
nonperforming	1	0	0	0	0	0	0
nonproducing	1	0	0	0	0	0	0
nonproductive	1	0	0	0	0	0	0
nonrecoverable	1	0	0	0	0	0	0
nonrenewal	1	0	0	0	0	0	0
nonseverable	0	0	0	1	0	0	0
nonterminable	0	0	0	1	0	0	0
nonusurious	0	0	0	1	0	0	0
notarial	0	0	0	1	0	0	0
notaries	0	0	0	1	0	0	0
notarization	0	0	0	1	0	0	0
notarizations	0	0	0	1	0	0	0
notarize	0	0	0	1	0	0	0
notarized	0	0	0	1	0	0	0
notarizing	0	0	0	1	0	0	0
notary	0	0	0	1	0	0	0
notwithstanding	0	0	0	1	0	0	0
novo	0	0	0	1	0	0	0
nuisance	1	0	0	0	0	0	0
nuisances	1	0	0	0	0	0	0
nullification	1	0	0	1	0	0	0
nullifications	1	0	0	1	0	0	0
nullified	1	0	0	1	0	0	0
nullifies	1	0	0	1	0	0	0
nullify	1	0	0	1	0	0	0
nullifying	1	0	0	1	0	0	0
nullities	0	0	0	1	0	0	0
nullity	0	0	0	1	0	0	0
objected	1	0	0	0	0	0	0
objecting	1	0	0	0	0	0	0
objection	1	0	0	0	0	0	0
objectionable	1	0	0	0	0	0	0
objectionably	1	0	0	0	0	0	0
objections	1	0	0	0	0	0	0
obligate	0	0	0	0	1	0	0
obligated	0	0	0	0	1	0	0
obligates	0	0	0	0	1	0	0
obligating	0	0	0	0	1	0	0
obligation	0	0	0	0	1	0	0
obligations	0	0	0	0	1	0	0
obligatory	0	0	0	0	1	0	0
oblige	0	0	0	0	1	0	0
obliged	0	0	0	0	1	0	0
obligee	0	0	0	1	0	0	0
obligees	0	0	0	1	0	0	0
obliges	0	0	0	0	1	0	0
obligor	0	0	0	1	0	0	0
obligors	0	0	0	1	0	0	0
obscene	1	0	0	0	0	0	0
obscenity	1	0	0	0	0	0	0
obsolescence	1	0	0	0	0	0	0
obsolete	1	0	0	0	0	0	0
obstacle	1	0	0	0	0	0	0
obstacles	1	0	0	0	0	0	0
obstruct	1	0	0	0	0	0	0
obstructed	1	0	0	0	0	0	0
obstructing	1	0	0	0	0	0	0
obstruction	1	0	0	0	0	0	0
obstructions	1	0	0	0	0	0	0
occasionally	0	0	1	0	0	0	1
offence	1	0	0	0	0	0	0
offences	1	0	0	0	0	0	0
offend	1	0	0	0	0	0	0
offended	1	0	0	0	0	0	0
offender	1	0	0	0	0	0	0
offenders	1	0	0	0	0	0	0
offending	1	0	0	0	0	0	0
offends	1	0	0	0	0	0	0
offense	0	0	0	1	0	0	0
offeree	0	0	0	1	0	0	0
offerees	0	0	0	1	0	0	0
offeror	0	0	0	1	0	0	0
offerors	0	0	0	1	0	0	0
often	0	0	0	0	0	0	1
oink	0	0	0	0	0	1	0
omission	1	0	0	0	0	0	0
omissions	1	0	0	0	0	0	0
omit	1	0	0	0	0	0	0
omits	1	0	0	0	0	0	0
omitted	1	0	0	0	0	0	0
omitting	1	0	0	0	0	0	0
onerous	1	0	0	0	0	0	0
opportunistic	1	0	0	0	0	0	0
opportunistically	1	0	0	0	0	0	0
opportunities	0	1	0	0	0	0	0
opportunity	0	1	0	0	0	0	0
oppose	1	0	0	0	0	0	0
opposed	1	0	0	0	0	0	0
opposes	1	0	0	0	0	0	0
opposing	1	0	0	0	0	0	0
opposition	1	0	0	0	0	0	0
oppositions	1	0	0	0	0	0	0
optimistic	0	1	0	0	0	0	0
optionee	0	0	0	1	0	0	0
optionees	0	0	0	1	0	0	0
ordinarily	0	0	1	0	0	0	0
ought	0	0	0	0	0	0	1
outage	1	0	0	0	0	0	0
outages	1	0	0	0	0	0	0
outdated	1	0	0	0	0	0	0
outmoded	1	0	0	0	0	0	0
outperform	0	1	0	0	0	0	0
outperformed	0	1	0	0	0	0	0
outperforming	0	1	0	0	0	0	0
outperforms	0	1	0	0	0	0	0
overage	1	0	0	0	0	0	0
overages	1	0	0	0	0	0	0
overbuild	1	0	0	0	0	0	0
overbuilding	1	0	0	0	0	0	0
overbuilds	1	0	0	0	0	0	0
overbuilt	1	0	0	0	0	0	0
overburden	1	0	0	0	0	0	0
overburdened	1	0	0	0	0	0	0
overburdening	1	0	0	0	0	0	0
overcapacities	1	0	0	0	0	0	0
overcapacity	1	0	0	0	0	0	0
overcharge	1	0	0	0	0	0	0
overcharged	1	0	0	0	0	0	0
overcharges	1	0	0	0	0	0	0
overcharging	1	0	0	0	0	0	0
overcome	1	0	0	0	0	0	0
overcomes	1	0	0	0	0	0	0
overcoming	1	0	0	0	0	0	0
overdue	1	0	0	0	0	0	0
overestimate	1	0	0	0	0	0	0
overestimated	1	0	0	0	0	0	0
overestimates	1	0	0	0	0	0	0
overestimating	1	0	0	0	0	0	0
overestimation	1	0	0	0	0	0	0
overestimations	1	0	0	0	0	0	0
overload	1	0	0	0	0	0	0
overloaded	1	0	0	0	0	0	0
overloading	1	0	0	0	0	0	0
overloads	1	0	0	0	0	0	0
overlook	1	0	0	0	0	0	0
overlooked	1	0	0	0	0	0	0
overlooking	1	0	0	0	0	0	0
overlooks	1	0	0	0	0	0	0
overpaid	1	0	0	0	0	0	0
overpayment	1	0	0	0	0	0	0
overpayments	1	0	0	0	0	0	0
overproduced	1	0	0	0	0	0	0
overproduces	1	0	0	0	0	0	0
overproducing	1	0	0	0	0	0	0
overproduction	1	0	0	0	0	0	0
overrule	0	0	0	1	0	0	0
overruled	0	0	0	1	0	0	0
overrules	0	0	0	1	0	0	0
overruling	0	0	0	1	0	0	0
overrun	1	0	0	0	0	0	0
overrunning	1	0	0	0	0	0	0
overruns	1	0	0	0	0	0	0
overshadow	1	0	0	0	0	0	0
overshadowed	1	0	0	0	0	0	0
overshadowing	1	0	0	0	0	0	0
overshadows	1	0	0	0	0	0	0
overstate	1	0	0	0	0	0	0
overstated	1	0	0	0	0	0	0
overstatement	1	0	0	0	0	0	0
overstatements	1	0	0	0	0	0	0
overstates	1	0	0	0	0	0	0
overstating	1	0	0	0	0	0	0
oversupplied	1	0	0	0	0	0	0
oversupplies	1	0	0	0	0	0	0
oversupply	1	0	0	0	0	0	0
oversupplying	1	0	0	0	0	0	0
overtly	1	0	0	0	0	0	0
overturn	1	0	0	0	0	0	0
overturned	1	0	0	0	0	0	0
overturning	1	0	0	0	0	0	0
overturns	1	0	0	0	0	0	0
overvalue	1	0	0	0	0	0	0
overvalued	1	0	0	0	0	0	0
overvaluing	1	0	0	0	0	0	0
panic	1	0	0	0	0	0	0
panics	1	0	0	0	0	0	0
para	0	0	0	1	0	0	0
pari	0	0	0	1	0	0	0
passu	0	0	0	1	0	0	0
patentee	0	0	0	1	0	0	0
pecuniarily	0	0	0	1	0	0	0
penalize	1	0	0	0	0	0	0
penalized	1	0	0	0	0	0	0
penalizes	1	0	0	0	0	0	0
penalizing	1	0	0	0	0	0	0
penalties	1	0	0	0	0	0	0
penalty	1	0	0	0	0	0	0
pending	0	0	1	0	0	0	0
perfect	0	1	0	0	0	0	0
perfected	0	1	0	0	0	0	0
perfectly	0	1	0	0	0	0	0
perfects	0	1	0	0	0	0	0
perhaps	0	0	1	0	0	0	1
peril	1	0	0	0	0	0	0
perils	1	0	0	0	0	0	0
perjury	1	0	0	1	0	0	0
permissible	0	0	0	0	1	0	0
permission	0	0	0	0	1	0	0
permissions	0	0	0	0	1	0	0
permitted	0	0	0	0	1	0	0
permittee	0	0	0	1	0	0	0
permittees	0	0	0	1	0	0	0
permitting	0	0	0	0	1	0	0
perpetrate	1	0	0	1	0	0	0
perpetrated	1	0	0	1	0	0	0
perpetrates	1	0	0	1	0	0	0
perpetrating	1	0	0	1	0	0	0
perpetration	1	0	0	1	0	0	0
persist	1	0	0	0	0	0	0
persisted	1	0	0	0	0	0	0
persistence	1	0	0	0	0	0	0
persistent	1	0	0	0	0	0	0
persistently	1	0	0	0	0	0	0
persisting	1	0	0	0	0	0	0
persists	1	0	0	0	0	0	0
personam	0	0	0	1	0	0	0
pervasive	1	0	0	0	0	0	0
pervasively	1	0	0	0	0	0	0
pervasiveness	1	0	0	0	0	0	0
petition	0	0	0	1	0	0	0
petitioned	0	0	0	1	0	0	0
petitioner	0	0	0	1	0	0	0
petitioners	0	0	0	1	0	0	0
petitioning	0	0	0	1	0	0	0
petitions	0	0	0	1	0	0	0
petty	1	0	0	0	0	0	0
picket	1	0	0	0	0	0	0
picketed	1	0	0	0	0	0	0
picketing	1	0	0	0	0	0	0
piracy	0	0	0	0	0	1	0
plaintiff	1	0	0	1	0	0	0
plaintiffs	1	0	0	1	0	0	0
plea	1	0	0	0	0	0	0
plead	1	0	0	0	0	0	0
pleaded	1	0	0	0	0	0	0
pleading	1	0	0	1	0	0	0
pleadings	1	0	0	1	0	0	0
pleads	1	0	0	1	0	0	0
pleas	1	0	0	1	0	0	0
pleasant	0	1	0	0	0	0	0
pleasantly	0	1	0	0	0	0	0
pleased	0	1	0	0	0	0	0
pleasure	0	1	0	0	0	0	0
pled	1	0	0	0	0	0	0
pledge	0	0	0	0	1	0	0
pledged	0	0	0	0	1	0	0
pledgee	0	0	0	1	0	0	0
pledgees	0	0	0	1	0	0	0
pledges	0	0	0	0	1	0	0
pledging	0	0	0	0	1	0	0
pledgor	0	0	0	1	0	0	0
pledgors	0	0	0	1	0	0	0
plentiful	0	1	0	0	0	0	0
poor	1	0	0	0	0	0	0
poorly	1	0	0	0	0	0	0
popular	0	1	0	0	0	0	0
popularity	0	1	0	0	0	0	0
poses	1	0	0	0	0	0	0
posing	1	0	0	0	0	0	0
positive	0	1	0	0	0	0	0
positively	0	1	0	0	0	0	0
possessory	0	0	0	1	0	0	0
possibilities	0	0	1	0	0	0	0
possibility	0	0	1	0	0	0	0
possible	0	0	1	0	0	0	1
possibly	0	0	1	0	0	0	1
postclosing	0	0	0	1	0	0	0
postclosure	0	0	0	1	0	0	0
postcontract	0	0	0	1	0	0	0
postjudgment	0	0	0	1	0	0	0
postpone	1	0	0	0	0	0	0
postponed	1	0	0	0	0	0	0
postponement	1	0	0	0	0	0	0
postponements	1	0	0	0	0	0	0
postpones	1	0	0	0	0	0	0
postponing	1	0	0	0	0	0	0
preamendment	0	0	0	1	0	0	0
precaution	0	0	1	0	0	0	0
precautionary	0	0	1	0	0	0	0
precautions	0	0	1	0	0	0	0
precipitated	1	0	0	0	0	0	0
precipitous	1	0	0	0	0	0	0
precipitously	1	0	0	0	0	0	0
preclude	1	0	0	0	1	0	0
precluded	1	0	0	0	1	0	0
precludes	1	0	0	0	1	0	0
precluding	1	0	0	0	1	0	0
precondition	0	0	0	0	1	0	0
preconditions	0	0	0	0	1	0	0
predatory	1	0	0	0	0	0	0
predecease	0	0	0	1	0	0	0
predeceased	0	0	0	1	0	0	0
predeceases	0	0	0	1	0	0	0
predeceasing	0	0	0	1	0	0	0
predict	0	0	1	0	0	0	0
predictability	0	0	1	0	0	0	0
predicted	0	0	1	0	0	0	0
predicting	0	0	1	0	0	0	0
prediction	0	0	1	0	0	0	0
predictions	0	0	1	0	0	0	0
predictive	0	0	1	0	0	0	0
predictor	0	0	1	0	0	0	0
predictors	0	0	1	0	0	0	0
predicts	0	0	1	0	0	0	0
preeminence	0	1	0	0	0	0	0
preeminent	0	1	0	0	0	0	0
prehearing	0	0	0	1	0	0	0
prejudice	1	0	0	1	0	0	0
prejudiced	1	0	0	1	0	0	0
prejudices	1	0	0	1	0	0	0
prejudicial	1	0	0	1	0	0	0
prejudicing	1	0	0	1	0	0	0
preliminarily	0	0	1	0	0	0	0
preliminary	0	0	1	0	0	0	0
premature	1	0	0	0	0	0	0
prematurely	1	0	0	0	0	0	0
premier	0	1	0	0	0	0	0
premiere	0	1	0	0	0	0	0
prepetition	0	0	0	1	0	0	0
preset	0	0	0	0	1	0	0
pressing	1	0	0	0	0	0	0
prestige	0	1	0	0	0	0	0
prestigious	0	1	0	0	0	0	0
presumably	0	0	1	0	0	0	0
presume	0	0	1	0	0	0	0
presumed	0	0	1	0	0	0	0
presumes	0	0	1	0	0	0	0
presuming	0	0	1	0	0	0	0
presumption	0	0	1	0	0	0	0
presumptions	0	0	1	0	0	0	0
presumptively	0	0	0	1	0	0	0
pretrial	1	0	0	1	0	0	0
prevent	0	0	0	0	1	0	0
prevented	0	0	0	0	1	0	0
preventing	1	0	0	0	1	0	0
prevention	1	0	0	0	0	0	0
prevents	1	0	0	0	1	0	0
prima	0	0	0	1	0	0	0
privity	0	0	0	1	0	0	0
proactive	0	1	0	0	0	0	0
proactively	0	1	0	0	0	0	0
probabilistic	0	0	1	0	0	0	0
probabilities	0	0	1	0	0	0	0
probability	0	0	1	0	0	0	0
probable	0	0	1	0	0	0	1
probably	0	0	1	0	0	0	1
probate	0	0	0	1	0	0	0
probated	0	0	0	1	0	0	0
probates	0	0	0	1	0	0	0
probating	0	0	0	1	0	0	0
probation	0	0	0	1	0	0	0
probational	0	0	0	1	0	0	0
probationary	0	0	0	1	0	0	0
probationer	0	0	0	1	0	0	0
probationers	0	0	0	1	0	0	0
probations	0	0	0	1	0	0	0
problem	1	0	0	0	0	0	0
problematic	1	0	0	0	0	0	0
problematical	1	0	0	0	0	0	0
problems	1	0	0	0	0	0	0
proficiency	0	1	0	0	0	0	0
proficient	0	1	0	0	0	0	0
proficiently	0	1	0	0	0	0	0
profitability	0	1	0	0	0	0	0
profitable	0	1	0	0	0	0	0
profitably	0	1	0	0	0	0	0
progress	0	1	0	0	0	0	0
progressed	0	1	0	0	0	0	0
progresses	0	1	0	0	0	0	0
progressing	0	1	0	0	0	0	0
prohibit	0	0	0	0	1	0	0
prohibited	0	0	0	0	1	0	0
prohibiting	0	0	0	0	1	0	0
prohibition	0	0	0	0	1	0	0
prohibitions	0	0	0	0	1	0	0
prohibitive	0	0	0	0	1	0	0
prohibitively	0	0	0	0	1	0	0
prohibitory	0	0	0	0	1	0	0
prohibits	0	0	0	0	1	0	0
prolong	1	0	0	0	0	0	0
prolongation	1	0	0	0	0	0	0
prolongations	1	0	0	0	0	0	0
prolonged	1	0	0	0	0	0	0
prolonging	1	0	0	0	0	0	0
prolongs	1	0	0	0	0	0	0
promulgate	0	0	0	1	0	0	0
promulgated	0	0	0	1	0	0	0
promulgates	0	0	0	1	0	0	0
promulgating	0	0	0	1	0	0	0
promulgation	0	0	0	1	0	0	0
promulgations	0	0	0	1	0	0	0
promulgator	0	0	0	1	0	0	0
promulgators	0	0	0	1	0	0	0
prone	1	0	0	0	0	0	0
prorata	0	0	0	1	0	0	0
proration	0	0	0	1	0	0	0
prosecute	1	0	0	1	0	0	0
prosecuted	1	0	0	1	0	0	0
prosecutes	1	0	0	1	0	0	0
prosecuting	1	0	0	1	0	0	0
prosecution	1	0	0	1	0	0	0
prosecutions	1	0	0	1	0	0	0
prosecutor	0	0	0	1	0	0	0
prosecutorial	0	0	0	1	0	0	0
prosecutors	0	0	0	1	0	0	0
prospered	0	1	0	0	0	0	0
prospering	0	1	0	0	0	0	0
prosperity	0	1	0	0	0	0	0
prosperous	0	1	0	0	0	0	0
prospers	0	1	0	0	0	0	0
protest	1	0	0	0	0	0	0
protested	1	0	0	0	0	0	0
protester	1	0	0	0	0	0	0
protesters	1	0	0	0	0	0	0
protesting	1	0	0	0	0	0	0
protestor	1	0	0	0	0	0	0
protestors	1	0	0	0	0	0	0
protests	1	0	0	0	0	0	0
protracted	1	0	0	0	0	0	0
protraction	1	0	0	0	0	0	0
proviso	0	0	0	1	0	0	0
provisoes	0	0	0	1	0	0	0
provisos	0	0	0	1	0	0	0
provoke	1	0	0	0	0	0	0
provoked	1	0	0	0	0	0	0
provokes	1	0	0	0	0	0	0
provoking	1	0	0	0	0	0	0
punishable	0	0	0	1	0	0	0
punished	1	0	0	0	0	0	0
punishes	1	0	0	0	0	0	0
punishing	1	0	0	0	0	0	0
punishment	1	0	0	0	0	0	0
punishments	1	0	0	0	0	0	0
punitive	1	0	0	0	0	0	0
purport	1	0	0	0	0	0	0
purported	1	0	0	0	0	0	0
purportedly	1	0	0	0	0	0	0
purporting	1	0	0	0	0	0	0
purports	1	0	0	0	0	0	0
question	1	0	0	0	0	0	0
questionable	1	0	0	0	0	0	0
questionably	1	0	0	0	0	0	0
questioned	1	0	0	0	0	0	0
questioning	1	0	0	0	0	0	0
questions	1	0	0	0	0	0	0
quit	1	0	0	0	0	0	0
quitclaim	0	0	0	1	0	0	0
quitclaims	0	0	0	1	0	0	0
quitting	1	0	0	0	0	0	0
rabbi	0	0	0	0	0	1	0
racketeer	1	0	0	0	0	0	0
racketeering	1	0	0	0	0	0	0
random	0	0	1	0	0	0	0
randomize	0	0	1	0	0	0	0
randomized	0	0	1	0	0	0	0
randomizes	0	0	1	0	0	0	0
randomizing	0	0	1	0	0	0	0
randomly	0	0	1	0	0	0	0
randomness	0	0	1	0	0	0	0
rarely	0	0	0	0	0	0	1
rata	0	0	0	1	0	0	0
ratable	0	0	0	1	0	0	0
ratably	0	0	0	1	0	0	0
rationalization	1	0	0	0	0	0	0
rationalizations	1	0	0	0	0	0	0
rationalize	1	0	0	0	0	0	0
rationalized	1	0	0	0	0	0	0
rationalizes	1	0	0	0	0	0	0
rationalizing	1	0	0	0	0	0	0
reargument	0	0	0	1	0	0	0
reassess	0	0	1	0	0	0	0
reassessed	0	0	1	0	0	0	0
reassesses	0	0	1	0	0	0	0
reassessing	0	0	1	0	0	0	0
reassessment	1	0	1	0	0	0	0
reassessments	1	0	1	0	0	0	0
reassign	1	0	0	0	0	0	0
reassigned	1	0	0	0	0	0	0
reassigning	1	0	0	0	0	0	0
reassignment	1	0	0	0	0	0	0
reassignments	1	0	0	0	0	0	0
reassigns	1	0	0	0	0	0	0
rebound	0	1	0	0	0	0	0
rebounded	0	1	0	0	0	0	0
rebounding	0	1	0	0	0	0	0
rebut	0	0	0	1	0	0	0
rebuts	0	0	0	1	0	0	0
rebuttable	0	0	0	1	0	0	0
rebuttably	0	0	0	1	0	0	0
rebuttal	0	0	0	1	0	0	0
rebuttals	0	0	0	1	0	0	0
rebutted	0	0	0	1	0	0	0
rebutting	0	0	0	1	0	0	0
recalculate	0	0	1	0	0	0	0
recalculated	0	0	1	0	0	0	0
recalculates	0	0	1	0	0	0	0
recalculating	0	0	1	0	0	0	0
recalculation	0	0	1	0	0	0	0
recalculations	0	0	1	0	0	0	0
recall	1	0	0	0	0	0	0
recalled	1	0	0	0	0	0	0
recalling	1	0	0	0	0	0	0
recalls	1	0	0	0	0	0	0
receptive	0	1	0	0	0	0	0
recession	1	0	0	0	0	0	0
recessionary	1	0	0	0	0	0	0
recessions	1	0	0	0	0	0	0
reckless	1	0	0	0	0	0	0
recklessly	1	0	0	0	0	0	0
recklessness	1	0	0	0	0	0	0
reconsider	0	0	1	0	0	0	0
reconsidered	0	0	1	0	0	0	0
reconsidering	0	0	1	0	0	0	0
reconsiders	0	0	1	0	0	0	0
recordation	0	0	0	1	0	0	0
recoupable	0	0	0	1	0	0	0
recoupment	0	0	0	1	0	0	0
recoupments	0	0	0	1	0	0	0
recourse	0	0	0	1	0	0	0
recourses	0	0	0	1	0	0	0
rectification	0	0	0	1	0	0	0
rectifications	0	0	0	1	0	0	0
recusal	0	0	0	1	0	0	0
recuse	0	0	0	1	0	0	0
recused	0	0	0	1	0	0	0
recuses	0	0	0	1	0	0	0
recusing	0	0	0	1	0	0	0
redact	1	0	0	1	0	0	0
redacted	1	0	0	1	0	0	0
redacting	1	0	0	1	0	0	0
redaction	1	0	0	1	0	0	0
redactions	1	0	0	1	0	0	0
redefault	1	0	0	0	0	0	0
redefaulted	1	0	0	0	0	0	0
redefaults	1	0	0	0	0	0	0
redress	1	0	0	0	0	0	0
redressed	1	0	0	0	0	0	0
redresses	1	0	0	0	0	0	0
redressing	1	0	0	0	0	0	0
reductions	0	0	0	0	0	1	0
reexamination	0	0	1	0	0	0	0
reexamine	0	0	1	0	0	0	0
reexamining	0	0	1	0	0	0	0
referenda	0	0	0	1	0	0	0
referendum	0	0	0	1	0	0	0
referendums	0	0	0	1	0	0	0
refile	0	0	0	1	0	0	0
refiled	0	0	0	1	0	0	0
refiles	0	0	0	1	0	0	0
refiling	0	0	0	1	0	0	0
refrain	0	0	0	0	1	0	0
refraining	0	0	0	0	1	0	0
refrains	0	0	0	0	1	0	0
refusal	1	0	0	0	0	0	0
refusals	1	0	0	0	0	0	0
refuse	1	0	0	0	0	0	0
refused	1	0	0	0	0	0	0
refuses	1	0	0	0	0	0	0
refusing	1	0	0	0	0	0	0
regain	0	1	0	0	0	0	0
regained	0	1	0	0	0	0	0
regaining	0	1	0	0	0	0	0
regularly	0	0	0	0	0	0	1
regulate	0	0	0	1	0	0	0
regulated	0	0	0	1	0	0	0
regulates	0	0	0	1	0	0	0
regulating	0	0	0	1	0	0	0
regulation	0	0	0	1	0	0	0
regulations	0	0	0	1	0	0	0
regulative	0	0	0	1	0	0	0
regulator	0	0	0	1	0	0	0
regulators	0	0	0	1	0	0	0
regulatory	0	0	0	1	0	0	0
rehear	0	0	0	1	0	0	0
reheard	0	0	0	1	0	0	0
rehearing	0	0	0	1	0	0	0
rehearings	0	0	0	1	0	0	0
reinterpret	0	0	1	0	0	0	0
reinterpretation	0	0	1	0	0	0	0
reinterpretations	0	0	1	0	0	0	0
reinterpreted	0	0	1	0	0	0	0
reinterpreting	0	0	1	0	0	0	0
reinterprets	0	0	1	0	0	0	0
reject	1	0	0	0	0	0	0
rejected	1	0	0	0	0	0	0
rejecting	1	0	0	0	0	0	0
rejection	1	0	0	0	0	0	0
rejections	1	0	0	0	0	0	0
rejects	1	0	0	0	0	0	0
releasees	0	0	0	1	0	0	0
relieved	0	0	0	0	0	1	0
relinquish	1	0	0	0	0	0	0
relinquished	1	0	0	0	0	0	0
relinquishes	1	0	0	0	0	0	0
relinquishing	1	0	0	0	0	0	0
relinquishment	1	0	0	0	0	0	0
relinquishments	1	0	0	0	0	0	0
reluctance	1	0	0	0	0	0	0
reluctant	1	0	0	0	0	0	0
remand	0	0	0	1	0	0	0
remanded	0	0	0	1	0	0	0
remanding	0	0	0	1	0	0	0
remands	0	0	0	1	0	0	0
remedial	0	0	0	0	0	1	0
remediate	0	0	0	1	0	0	0
remediated	0	0	0	1	0	0	0
remediating	0	0	0	1	0	0	0
remediation	0	0	0	1	0	0	0
remediations	0	0	0	1	0	0	0
remedied	0	0	0	1	0	0	0
remised	0	0	0	1	0	0	0
renegotiate	1	0	0	0	0	0	0
renegotiated	1	0	0	0	0	0	0
renegotiates	1	0	0	0	0	0	0
renegotiating	1	0	0	0	0	0	0
renegotiation	1	0	0	0	0	0	0
renegotiations	1	0	0	0	0	0	0
renounce	1	0	0	0	0	0	0
renounced	1	0	0	0	0	0	0
renouncement	1	0	0	0	0	0	0
renouncements	1	0	0	0	0	0	0
renounces	1	0	0	0	0	0	0
renouncing	1	0	0	0	0	0	0
reparation	1	0	0	0	0	0	0
reparations	1	0	0	0	0	0	0
repledged	0	0	0	1	0	0	0
replevin	0	0	0	1	0	0	0
repossess	0	0	0	0	0	1	0
repossessed	1	0	0	0	0	0	0
repossesses	1	0	0	0	0	0	0
repossessing	1	0	0	0	0	0	0
repossession	1	0	0	0	0	0	0
repossessions	1	0	0	0	0	0	0
reprorated	0	0	0	1	0	0	0
repudiate	1	0	0	0	0	0	0
repudiated	1	0	0	0	0	0	0
repudiates	1	0	0	0	0	0	0
repudiating	1	0	0	0	0	0	0
repudiation	1	0	0	0	0	0	0
repudiations	1	0	0	0	0	0	0
requester	0	0	0	1	0	0	0
requestor	0	0	0	1	0	0	0
require	0	0	0	0	1	0	0
required	0	0	0	0	1	0	0
requirement	0	0	0	0	1	0	0
requirements	0	0	0	0	1	0	0
requires	0	0	0	0	1	0	0
requiring	0	0	0	0	1	0	0
reregulation	0	0	0	1	0	0	0
rescind	0	0	0	1	0	0	0
rescinded	0	0	0	1	0	0	0
rescinding	0	0	0	1	0	0	0
rescinds	0	0	0	1	0	0	0
rescission	0	0	0	1	0	0	0
rescissions	0	0	0	1	0	0	0
resign	1	0	0	0	0	0	0
resignation	1	0	0	0	0	0	0
resignations	1	0	0	0	0	0	0
resigned	1	0	0	0	0	0	0
resigning	1	0	0	0	0	0	0
resigns	1	0	0	0	0	0	0
resolve	0	1	0	0	0	0	0
restate	1	0	0	0	0	0	0
restated	1	0	0	0	0	0	0
restatement	1	0	0	0	0	0	0
restatements	1	0	0	0	0	0	0
restates	1	0	0	0	0	0	0
restating	1	0	0	0	0	0	0
restitutionary	0	0	0	1	0	0	0
restrain	0	0	0	0	1	0	0
restrained	0	0	0	0	1	0	0
restraining	0	0	0	0	1	0	0
restrains	0	0	0	0	1	0	0
restraint	0	0	0	0	1	0	0
restraints	0	0	0	0	1	0	0
restrict	0	0	0	0	1	0	0
restricted	0	0	0	0	1	0	0
restricting	0	0	0	0	1	0	0
restriction	0	0	0	0	1	0	0
restrictions	0	0	0	0	1	0	0
restrictive	0	0	0	0	1	0	0
restrictively	0	0	0	0	1	0	0
restrictiveness	0	0	0	0	1	0	0
restricts	0	0	0	0	1	0	0
restructure	1	0	0	0	0	0	0
restructured	1	0	0	0	0	0	0
restructures	1	0	0	0	0	0	0
restructuring	1	0	0	0	0	0	0
restructurings	1	0	0	0	0	0	0
retaliate	1	0	0	0	0	0	0
retaliated	1	0	0	0	0	0	0
retaliates	1	0	0	0	0	0	0
retaliating	1	0	0	0	0	0	0
retaliation	1	0	0	0	0	0	0
retaliations	1	0	0	0	0	0	0
retaliatory	1	0	0	0	0	0	0
retendering	0	0	0	1	0	0	0
retribution	1	0	0	0	0	0	0
retributions	1	0	0	0	0	0	0
retrocede	0	0	0	1	0	0	0
retroceded	0	0	0	1	0	0	0
retrocessionaires	0	0	0	1	0	0	0
revise	0	0	1	0	0	0	0
revised	0	0	1	0	0	0	0
revocability	0	0	0	1	0	0	0
revocation	1	0	0	1	0	0	0
revocations	1	0	0	1	0	0	0
revoke	1	0	0	0	0	0	0
revoked	1	0	0	0	0	0	0
revokes	1	0	0	0	0	0	0
revoking	1	0	0	0	0	0	0
revolutionize	0	1	0	0	0	0	0
revolutionized	0	1	0	0	0	0	0
revolutionizes	0	1	0	0	0	0	0
revolutionizing	0	1	0	0	0	0	0
reward	0	1	0	0	0	0	0
rewarded	0	1	0	0	0	0	0
rewarding	0	1	0	0	0	0	0
rewards	0	1	0	0	0	0	0
ridicule	1	0	0	0	0	0	0
ridiculed	1	0	0	0	0	0	0
ridicules	1	0	0	0	0	0	0
ridiculing	1	0	0	0	0	0	0
risk	0	0	1	0	0	0	0
risked	0	0	1	0	0	0	0
riskier	1	0	1	0	0	0	0
riskiest	1	0	1	0	0	0	0
riskiness	0	0	1	0	0	0	0
risking	0	0	1	0	0	0	0
risks	0	0	1	0	0	0	0
risky	1	0	1	0	0	0	0
roughly	0	0	1	0	0	0	0
ruling	0	0	0	1	0	0	0
rulings	0	0	0	1	0	0	0
rumors	0	0	1	0	0	0	0
sabotage	1	0	0	0	0	0	0
sacrifice	1	0	0	0	0	0	0
sacrificed	1	0	0	0	0	0	0
sacrifices	1	0	0	0	0	0	0
sacrificial	1	0	0	0	0	0	0
sacrificing	1	0	0	0	0	0	0
satisfaction	0	1	0	0	0	0	0
satisfactorily	0	1	0	0	0	0	0
satisfactory	0	1	0	0	0	0	0
satisfied	0	1	0	0	0	0	0
satisfies	0	1	0	0	0	0	0
satisfy	0	1	0	0	0	0	0
satisfying	0	1	0	0	0	0	0
scandalous	1	0	0	0	0	0	0
scandals	1	0	0	0	0	0	0
scrutinize	1	0	0	0	0	0	0
scrutinized	1	0	0	0	0	0	0
scrutinizes	1	0	0	0	0	0	0
scrutinizing	1	0	0	0	0	0	0
scrutiny	1	0	0	0	0	0	0
secrecy	1	0	0	0	0	0	0
secret	0	0	0	0	0	1	0
seems	0	0	1	0	0	0	0
seize	1	0	0	0	0	0	0
seized	1	0	0	0	0	0	0
seizes	1	0	0	0	0	0	0
seizing	1	0	0	0	0	0	0
seizures	0	0	0	0	0	1	0
seldom	0	0	1	0	0	0	1
seldomly	0	0	1	0	0	0	1
sentenced	1	0	0	1	0	0	0
sentencing	1	0	0	1	0	0	0
sequestrator	0	0	0	1	0	0	0
serious	1	0	0	0	0	0	0
seriously	1	0	0	0	0	0	0
seriousness	1	0	0	0	0	0	0
setback	1	0	0	0	0	0	0
setbacks	1	0	0	0	0	0	0
settlement	0	0	0	1	0	0	0
settlements	0	0	0	1	0	0	0
sever	1	0	0	0	0	0	0
severability	0	0	0	1	0	0	0
severable	0	0	0	1	0	0	0
severally	0	0	0	1	0	0	0
severance	0	0	0	1	0	0	0
severances	0	0	0	1	0	0	0
severe	1	0	0	0	0	0	0
severed	1	0	0	0	0	0	0
severely	1	0	0	0	0	0	0
severities	1	0	0	0	0	0	0
severity	1	0	0	0	0	0	0
shall	0	0	0	1	0	0	0
sharply	1	0	0	0	0	0	0
shocked	1	0	0	0	0	0	0
shortage	1	0	0	0	0	0	0
shortages	1	0	0	0	0	0	0
shortfall	1	0	0	0	0	0	0
shortfalls	1	0	0	0	0	0	0
should	0	0	0	0	0	0	1
shrinkage	1	0	0	0	0	0	0
shrinkages	1	0	0	0	0	0	0
shut	1	0	0	0	0	0	0
shutdown	1	0	0	0	0	0	0
shutdowns	1	0	0	0	0	0	0
shuts	1	0	0	0	0	0	0
shutting	1	0	0	0	0	0	0
slander	1	0	0	0	0	0	0
slandered	1	0	0	0	0	0	0
slanderous	1	0	0	0	0	0	0
slanders	1	0	0	0	0	0	0
slippage	1	0	0	0	0	0	0
slippages	1	0	0	0	0	0	0
slow	1	0	0	0	0	0	0
slowdown	1	0	0	0	0	0	0
slowdowns	1	0	0	0	0	0	0
slowed	1	0	0	0	0	0	0
slower	1	0	0	0	0	0	0
slowest	1	0	0	0	0	0	0
slowing	1	0	0	0	0	0	0
slowly	1	0	0	0	0	0	0
slowness	1	0	0	0	0	0	0
sluggish	1	0	0	0	0	0	0
sluggishly	1	0	0	0	0	0	0
sluggishness	1	0	0	0	0	0	0
smooth	0	1	0	0	0	0	0
smoothing	0	1	0	0	0	0	0
smoothly	0	1	0	0	0	0	0
smooths	0	1	0	0	0	0	0
soared	0	0	0	0	0	1	0
solvencies	1	0	0	0	0	0	0
solvency	1	0	0	0	0	0	0
solves	0	1	0	0	0	0	0
solving	0	1	0	0	0	0	0
sometime	0	0	1	0	0	0	0
sometimes	0	0	1	0	0	0	1
somewhat	0	0	1	0	0	0	1
somewhere	0	0	1	0	0	0	0
spam	1	0	0	0	0	0	0
spammers	1	0	0	0	0	0	0
spamming	1	0	0	0	0	0	0
spectacular	0	1	0	0	0	0	0
spectacularly	0	1	0	0	0	0	0
speculate	0	0	1	0	0	0	0
speculated	0	0	1	0	0	0	0
speculates	0	0	1	0	0	0	0
speculating	0	0	1	0	0	0	0
speculation	0	0	1	0	0	0	0
speculations	0	0	1	0	0	0	0
speculative	0	0	1	0	0	0	0
speculatively	0	0	1	0	0	0	0
sporadic	0	0	1	0	0	0	0
sporadically	0	0	1	0	0	0	0
sputtering	0	0	0	0	0	1	0
stability	0	1	0	0	0	0	0
stabilization	0	1	0	0	0	0	0
stabilizations	0	1	0	0	0	0	0
stabilize	0	1	0	0	0	0	0
stabilized	0	1	0	0	0	0	0
stabilizes	0	1	0	0	0	0	0
stabilizing	0	1	0	0	0	0	0
stable	0	1	0	0	0	0	0
staggering	1	0	0	0	0	0	0
stagnant	1	0	0	0	0	0	0
stagnate	1	0	0	0	0	0	0
stagnated	1	0	0	0	0	0	0
stagnates	1	0	0	0	0	0	0
stagnating	1	0	0	0	0	0	0
stagnation	1	0	0	0	0	0	0
standstill	1	0	0	0	0	0	0
standstills	1	0	0	0	0	0	0
statute	0	0	0	1	0	0	0
statutes	0	0	0	1	0	0	0
statutorily	0	0	0	1	0	0	0
statutory	0	0	0	1	0	0	0
stipulate	0	0	0	0	1	0	0
stipulated	0	0	0	0	1	0	0
stipulates	0	0	0	0	1	0	0
stipulating	0	0	0	0	1	0	0
stipulation	0	0	0	0	1	0	0
stipulations	0	0	0	0	1	0	0
stolen	1	0	0	0	0	0	0
stoppage	1	0	0	0	0	0	0
stoppages	1	0	0	0	0	0	0
stopped	1	0	0	0	0	0	0
stopping	1	0	0	0	0	0	0
stops	1	0	0	0	0	0	0
strain	1	0	0	0	0	0	0
strained	1	0	0	0	0	0	0
straining	1	0	0	0	0	0	0
strains	1	0	0	0	0	0	0
strength	0	1	0	0	0	0	0
strengthen	0	1	0	0	0	0	0
strengthened	0	1	0	0	0	0	0
strengthening	0	1	0	0	0	0	0
strengthens	0	1	0	0	0	0	0
strengths	0	1	0	0	0	0	0
stress	1	0	0	0	0	0	0
stressed	1	0	0	0	0	0	0
stresses	1	0	0	0	0	0	0
stressful	1	0	0	0	0	0	0
stressing	1	0	0	0	0	0	0
strict	0	0	0	0	1	0	0
stricter	0	0	0	0	1	0	0
strictest	0	0	0	0	1	0	0
strictly	0	0	0	0	1	0	0
stringent	1	0	0	0	0	0	0
strong	0	1	0	0	0	0	0
stronger	0	1	0	0	0	0	0
strongest	0	1	0	0	0	0	0
strongly	0	0	0	0	0	0	1
subclause	0	0	0	1	0	0	0
subclauses	0	0	0	1	0	0	0
subdocket	0	0	0	1	0	0	0
subjected	1	0	0	0	0	0	0
subjecting	1	0	0	0	0	0	0
subjection	1	0	0	0	0	0	0
subleasee	0	0	0	1	0	0	0
subleasehold	0	0	0	1	0	0	0
sublessee	0	0	0	0	0	1	0
sublessees	0	0	0	0	0	1	0
sublessor	0	0	0	0	0	1	0
sublessors	0	0	0	1	0	0	0
sublicensee	0	0	0	1	0	0	0
sublicensor	0	0	0	1	0	0	0
subparagraph	0	0	0	1	0	0	0
subparagraphs	0	0	0	1	0	0	0
subpoena	1	0	0	1	0	0	0
subpoenaed	1	0	0	1	0	0	0
subpoenas	1	0	0	1	0	0	0
subrogated	0	0	0	1	0	0	0
subrogation	0	0	0	1	0	0	0
substandard	1	0	0	0	0	0	0
subtrust	0	0	0	1	0	0	0
subtrusts	0	0	0	1	0	0	0
succeed	0	1	0	0	0	0	0
succeeded	0	1	0	0	0	0	0
succeeding	0	1	0	0	0	0	0
succeeds	0	1	0	0	0	0	0
success	0	1	0	0	0	0	0
successes	0	1	0	0	0	0	0
successful	0	1	0	0	0	0	0
successfully	0	1	0	0	0	0	0
sudden	0	0	1	0	0	0	0
suddenly	0	0	1	0	0	0	0
sue	1	0	0	1	0	0	0
sued	1	0	0	1	0	0	0
sues	1	0	0	1	0	0	0
suffer	1	0	0	0	0	0	0
suffered	1	0	0	0	0	0	0
suffering	1	0	0	0	0	0	0
suffers	1	0	0	0	0	0	0
suggest	0	0	1	0	0	0	1
suggested	0	0	1	0	0	0	0
suggesting	0	0	1	0	0	0	0
suggests	0	0	1	0	0	0	1
suing	1	0	0	1	0	0	0
summoned	1	0	0	1	0	0	0
summoning	1	0	0	1	0	0	0
summons	1	0	0	1	0	0	0
summonses	1	0	0	1	0	0	0
superior	0	1	0	0	0	0	0
supersede	0	0	0	1	0	0	0
supersedeas	0	0	0	1	0	0	0
superseded	0	0	0	1	0	0	0
supersedes	0	0	0	1	0	0	0
superseding	0	0	0	1	0	0	0
sureties	0	0	0	1	0	0	0
surety	0	0	0	1	0	0	0
surpass	0	1	0	0	0	0	0
surpassed	0	1	0	0	0	0	0
surpasses	0	1	0	0	0	0	0
surpassing	0	1	0	0	0	0	0
susceptibility	1	0	1	0	0	0	0
susceptible	1	0	0	0	0	0	0
suspect	1	0	0	0	0	0	0
suspected	1	0	0	0	0	0	0
suspects	1	0	0	0	0	0	0
suspend	1	0	0	0	0	0	0
suspended	1	0	0	0	0	0	0
suspenders	0	0	0	0	0	1	0
suspending	1	0	0	0	0	0	0
suspends	1	0	0	0	0	0	0
suspension	1	0	0	0	0	0	0
suspensions	1	0	0	0	0	0	0
suspicion	1	0	0	0	0	0	0
suspicions	1	0	0	0	0	0	0
suspicious	1	0	0	0	0	0	0
suspiciously	1	0	0	0	0	0	0
sustainability	0	0	0	0	0	1	0
taint	1	0	0	0	0	0	0
tainted	1	0	0	0	0	0	0
tainting	1	0	0	0	0	0	0
taints	1	0	0	0	0	0	0
tampered	1	0	0	0	0	0	0
tenantability	0	0	0	1	0	0	0
tending	0	0	1	0	0	0	0
tends	0	0	0	0	0	0	1
tense	1	0	0	0	0	0	0
tentative	0	0	1	0	0	0	0
tentatively	0	0	1	0	0	0	0
terminable	0	0	0	1	0	0	0
terminate	1	0	0	0	0	0	0
terminated	1	0	0	0	0	0	0
terminates	1	0	0	0	0	0	0
terminating	1	0	0	0	0	0	0
termination	1	0	0	0	0	0	0
terminations	1	0	0	0	0	0	0
terminus	0	0	0	1	0	0	0
testamentary	0	0	0	1	0	0	0
testify	1	0	0	1	0	0	0
testifying	1	0	0	1	0	0	0
testimony	0	0	0	1	0	0	0
thence	0	0	0	1	0	0	0
thenceforth	0	0	0	1	0	0	0
thenceforward	0	0	0	1	0	0	0
thereafter	0	0	0	1	0	0	0
thereat	0	0	0	1	0	0	0
therefrom	0	0	0	1	0	0	0
therein	0	0	0	1	0	0	0
thereinafter	0	0	0	1	0	0	0
thereof	0	0	0	1	0	0	0
thereon	0	0	0	1	0	0	0
thereover	0	0	0	1	0	0	0
thereto	0	0	0	1	0	0	0
theretofor	0	0	0	1	0	0	0
theretofore	0	0	0	1	0	0	0
thereunder	0	0	0	1	0	0	0
thereunto	0	0	0	1	0	0	0
thereupon	0	0	0	1	0	0	0
therewith	0	0	0	1	0	0	0
threat	1	0	0	0	0	0	0
threaten	1	0	0	0	0	0	0
threatened	1	0	0	0	0	0	0
threatening	1	0	0	0	0	0	0
threatens	1	0	0	0	0	0	0
threats	1	0	0	0	0	0	0
tightening	1	0	0	0	0	0	0
tolerate	1	0	0	0	0	0	0
tolerated	1	0	0	0	0	0	0
tolerates	1	0	0	0	0	0	0
tolerating	1	0	0	0	0	0	0
toleration	1	0	0	0	0	0	0
tort	0	0	0	1	0	0	0
tortious	0	0	0	1	0	0	0
tortiously	0	0	0	1	0	0	0
torts	0	0	0	1	0	0	0
tortuous	1	0	0	0	0	0	0
tortuously	1	0	0	0	0	0	0
touche	0	0	0	0	0	1	0
toxic	0	0	0	0	0	1	0
tragedies	1	0	0	0	0	0	0
tragedy	1	0	0	0	0	0	0
tragic	1	0	0	0	0	0	0
tragically	1	0	0	0	0	0	0
transferor	0	0	0	1	0	0	0
transferors	0	0	0	1	0	0	0
transparency	0	1	0	0	0	0	0
trauma	0	0	0	0	0	1	0
traumatic	1	0	0	0	0	0	0
tremendous	0	1	0	0	0	0	0
tremendously	0	1	0	0	0	0	0
trouble	1	0	0	0	0	0	0
troubled	1	0	0	0	0	0	0
troubles	1	0	0	0	0	0	0
tumor	0	0	0	0	0	1	0
turbulence	1	0	1	0	0	0	0
turmoil	1	0	0	0	0	0	0
unable	1	0	0	0	0	0	0
unacceptable	1	0	0	0	0	0	0
unacceptably	1	0	0	0	0	0	0
unaccounted	1	0	0	0	0	0	0
unambiguously	0	0	0	0	0	0	1
unannounced	1	0	0	0	0	0	0
unanticipated	1	0	0	0	0	0	0
unappealable	0	0	0	1	0	0	0
unappealed	0	0	0	1	0	0	0
unapproved	1	0	0	0	0	0	0
unattractive	1	0	0	0	0	0	0
unauthorized	1	0	0	0	0	0	0
unavailability	1	0	0	0	1	0	0
unavailable	1	0	0	0	1	0	0
unavoidable	1	0	0	0	0	0	0
unavoidably	1	0	0	0	0	0	0
unaware	1	0	0	0	0	0	0
uncertain	0	0	1	0	0	0	1
uncertainly	0	0	1	0	0	0	1
uncertainties	0	0	1	0	0	0	0
uncertainty	0	0	1	0	0	0	0
unclear	0	0	1	0	0	0	0
uncollectable	1	0	0	0	0	0	0
uncollected	1	0	0	0	0	0	0
uncollectibility	1	0	0	0	0	0	0
uncollectible	1	0	0	0	0	0	0
uncollectibles	1	0	0	0	0	0	0
uncompetitive	1	0	0	0	0	0	0
uncompleted	1	0	0	0	0	0	0
uncompromising	0	0	0	0	0	0	1
unconfirmed	0	0	1	0	0	0	0
unconscionable	1	0	0	0	0	0	0
unconscionably	1	0	0	0	0	0	0
unconstitutional	0	0	0	1	0	0	0
unconstitutionality	0	0	0	1	0	0	0
unconstitutionally	0	0	0	1	0	0	0
uncontracted	0	0	0	1	0	0	0
uncontrollable	1	0	0	0	0	0	0
uncontrollably	1	0	0	0	0	0	0
uncontrolled	1	0	0	0	0	0	0
uncorrected	1	0	0	0	0	0	0
uncover	1	0	0	0	0	0	0
uncovered	1	0	0	0	0	0	0
uncovering	1	0	0	0	0	0	0
uncovers	1	0	0	0	0	0	0
undecided	0	0	1	0	0	0	0
undefeased	0	0	0	1	0	0	0
undefined	0	0	1	0	0	0	0
undeliverable	1	0	0	0	0	0	0
undelivered	1	0	0	0	0	0	0
undercapitalized	1	0	0	0	0	0	0
undercut	1	0	0	0	0	0	0
undercuts	1	0	0	0	0	0	0
undercutting	1	0	0	0	0	0	0
underestimate	1	0	0	0	0	0	0
underestimated	1	0	0	0	0	0	0
underestimates	1	0	0	0	0	0	0
underestimating	1	0	0	0	0	0	0
underestimation	1	0	0	0	0	0	0
underfunded	1	0	0	0	0	0	0
underinsured	1	0	0	0	0	0	0
undermine	1	0	0	0	0	0	0
undermined	1	0	0	0	0	0	0
undermines	1	0	0	0	0	0	0
undermining	1	0	0	0	0	0	0
underpaid	1	0	0	0	0	0	0
underpayment	1	0	0	0	0	0	0
underpayments	1	0	0	0	0	0	0
underpays	1	0	0	0	0	0	0
underperform	1	0	0	0	0	0	0
underperformance	1	0	0	0	0	0	0
underperformed	1	0	0	0	0	0	0
underperforming	1	0	0	0	0	0	0
underperforms	1	0	0	0	0	0	0
underproduced	1	0	0	0	0	0	0
underproduction	1	0	0	0	0	0	0
underreporting	1	0	0	0	0	0	0
understate	1	0	0	0	0	0	0
understated	1	0	0	0	0	0	0
understatement	1	0	0	0	0	0	0
understatements	1	0	0	0	0	0	0
understates	1	0	0	0	0	0	0
understating	1	0	0	0	0	0	0
underutilization	1	0	0	0	0	0	0
underutilized	1	0	0	0	0	0	0
undesignated	0	0	1	0	0	0	0
undesirable	1	0	0	0	0	0	0
undesired	1	0	0	0	0	0	0
undetectable	0	0	1	0	0	0	0
undetected	1	0	0	0	0	0	0
undeterminable	0	0	1	0	0	0	0
undetermined	1	0	1	0	0	0	0
undischarged	0	0	0	1	0	0	0
undisclosed	1	0	0	0	0	0	0
undisputed	0	0	0	0	0	0	1
undocumented	1	0	1	0	0	0	0
undoubtedly	0	0	0	0	0	0	1
undue	1	0	0	0	0	0	0
unduly	1	0	0	0	0	0	0
uneconomic	1	0	0	0	0	0	0
uneconomical	1	0	0	0	0	0	0
uneconomically	1	0	0	0	0	0	0
unemployed	1	0	0	0	0	0	0
unemployment	1	0	0	0	0	0	0
unencumber	0	0	0	1	0	0	0
unencumbered	0	0	0	1	0	0	0
unenforceability	0	0	0	1	0	0	0
unenforceable	0	0	0	1	0	0	0
unequivocal	0	0	0	0	0	0	1
unequivocally	0	0	0	0	0	0	1
unethical	1	0	0	0	0	0	0
unethically	1	0	0	0	0	0	0
unexcused	1	0	0	0	0	0	0
unexpected	1	0	1	0	0	0	0
unexpectedly	1	0	1	0	0	0	0
unfair	1	0	0	0	0	0	0
unfairly	1	0	0	0	0	0	0
unfamiliar	0	0	1	0	0	0	0
unfamiliarity	0	0	1	0	0	0	0
unfavorability	1	0	0	0	0	0	0
unfavorable	1	0	0	0	0	0	0
unfavorably	1	0	0	0	0	0	0
unfavourable	1	0	0	0	0	0	0
unfeasible	1	0	0	0	0	0	0
unfit	1	0	0	0	0	0	0
unfitness	1	0	0	0	0	0	0
unforecasted	0	0	1	0	0	0	0
unforeseeable	1	0	0	0	0	0	0
unforeseen	1	0	0	0	0	0	0
unforseen	1	0	1	0	0	0	0
unfortunate	1	0	0	0	0	0	0
unfortunately	1	0	0	0	0	0	0
unfounded	1	0	0	0	0	0	0
unfriendly	1	0	0	0	0	0	0
unfulfilled	1	0	0	0	0	0	0
unfunded	1	0	0	0	0	0	0
unguaranteed	0	0	1	0	0	0	0
unhedged	0	0	1	0	0	0	0
unidentifiable	0	0	1	0	0	0	0
unidentified	0	0	1	0	0	0	0
uninsured	1	0	0	0	0	0	0
unintended	1	0	0	0	0	0	0
unintentional	1	0	0	0	0	0	0
unintentionally	1	0	0	0	0	0	0
unjust	1	0	0	0	0	0	0
unjustifiable	1	0	0	0	0	0	0
unjustifiably	1	0	0	0	0	0	0
unjustified	1	0	0	0	0	0	0
unjustly	1	0	0	0	0	0	0
unknowing	1	0	0	0	0	0	0
unknowingly	1	0	0	0	0	0	0
unknown	0	0	1	0	0	0	0
unknowns	0	0	1	0	0	0	0
unlawful	1	0	0	1	0	0	0
unlawfully	1	0	0	1	0	0	0
unlawfulness	0	0	0	1	0	0	0
unlicensed	1	0	0	0	0	0	0
unliquidated	1	0	0	0	0	0	0
unmarketable	1	0	0	0	0	0	0
unmatched	0	1	0	0	0	0	0
unmerchantable	1	0	0	0	0	0	0
unmeritorious	1	0	0	0	0	0	0
unnecessarily	1	0	0	0	0	0	0
unnecessary	1	0	0	0	0	0	0
unneeded	1	0	0	0	0	0	0
unobservable	0	0	1	0	0	0	0
unobtainable	1	0	0	0	0	0	0
unoccupied	1	0	0	0	0	0	0
unpaid	1	0	0	0	0	0	0
unparalleled	0	1	0	0	0	0	1
unperformed	1	0	0	0	0	0	0
unplanned	1	0	1	0	0	0	0
unpopular	1	0	0	0	0	0	0
unpredictability	1	0	1	0	0	0	0
unpredictable	1	0	1	0	0	0	0
unpredictably	1	0	1	0	0	0	0
unpredicted	1	0	1	0	0	0	0
unproductive	1	0	0	0	0	0	0
unprofitability	1	0	0	0	0	0	0
unprofitable	1	0	0	0	0	0	0
unproved	0	0	1	0	0	0	0
unproven	0	0	1	0	0	0	0
unqualified	1	0	0	0	0	0	0
unquantifiable	0	0	1	0	0	0	0
unquantified	0	0	1	0	0	0	0
unrealistic	1	0	0	0	0	0	0
unreasonable	1	0	0	0	0	0	0
unreasonableness	1	0	0	0	0	0	0
unreasonably	1	0	0	0	0	0	0
unreceptive	1	0	0	0	0	0	0
unreconciled	0	0	1	0	0	0	0
unrecoverable	1	0	0	0	0	0	0
unrecovered	1	0	0	0	0	0	0
unreimbursed	1	0	0	0	0	0	0
unreliable	1	0	0	0	0	0	0
unremediated	0	0	0	1	0	0	0
unremedied	1	0	0	0	0	0	0
unreported	1	0	0	0	0	0	0
unresolved	1	0	0	0	0	0	0
unrest	1	0	0	0	0	0	0
unsafe	1	0	0	0	0	0	0
unsalable	1	0	0	0	0	0	0
unsaleable	1	0	0	0	0	0	0
unsatisfactory	1	0	0	0	0	0	0
unsatisfied	1	0	0	0	0	0	0
unsavory	1	0	0	0	0	0	0
unscheduled	1	0	0	0	0	0	0
unseasonable	0	0	1	0	0	0	0
unseasonably	0	0	1	0	0	0	0
unsellable	1	0	0	0	0	0	0
unsettled	0	0	1	0	0	0	0
unsold	1	0	0	0	0	0	0
unsound	1	0	0	0	0	0	0
unspecific	0	0	1	0	0	0	0
unspecified	0	0	1	0	0	0	0
unstabilized	1	0	0	0	0	0	0
unstable	1	0	0	0	0	0	0
unstayed	0	0	0	1	0	0	0
unsubstantiated	1	0	0	0	0	0	0
unsuccessful	1	0	0	0	0	0	0
unsuccessfully	1	0	0	0	0	0	0
unsuitability	1	0	0	0	0	0	0
unsuitable	1	0	0	0	0	0	0
unsuitably	1	0	0	0	0	0	0
unsuited	1	0	0	0	0	0	0
unsure	1	0	0	0	0	0	0
unsurpassed	0	1	0	0	0	0	1
unsuspected	1	0	0	0	0	0	0
unsuspecting	1	0	0	0	0	0	0
unsustainable	1	0	0	0	0	0	0
untenable	1	0	0	0	0	0	0
untested	0	0	1	0	0	0	0
untimely	1	0	0	0	0	0	0
unto	0	0	0	1	0	0	0
untrusted	1	0	0	0	0	0	0
untruth	1	0	0	0	0	0	0
untruthful	1	0	0	0	0	0	0
untruthfully	1	0	0	0	0	0	0
untruthfulness	1	0	0	0	0	0	0
untruths	1	0	0	0	0	0	0
unusable	1	0	0	0	0	0	0
unusual	0	0	1	0	0	0	0
unusually	0	0	1	0	0	0	0
unwanted	1	0	0	0	0	0	0
unwarranted	1	0	0	0	0	0	0
unwelcome	1	0	0	0	0	0	0
unwilling	1	0	0	0	0	0	0
unwillingness	1	0	0	0	0	0	0
unwritten	0	0	1	0	0	0	0
upset	1	0	0	0	0	0	0
upturn	0	1	0	0	0	0	0
upturns	0	1	0	0	0	0	0
urgency	1	0	0	0	0	0	0
urgent	1	0	0	0	0	0	0
usually	0	0	0	0	0	0	1
usurious	1	0	0	1	0	0	0
usurp	1	0	0	1	0	0	0
usurpation	0	0	0	1	0	0	0
usurped	1	0	0	1	0	0	0
usurping	1	0	0	1	0	0	0
usurps	1	0	0	1	0	0	0
usury	1	0	0	1	0	0	0
vacant	0	0	0	0	0	1	0
vagaries	0	0	1	0	0	0	0
vague	0	0	1	0	0	0	0
vaguely	0	0	1	0	0	0	0
vagueness	0	0	1	0	0	0	0
vaguenesses	0	0	1	0	0	0	0
vaguer	0	0	1	0	0	0	0
vaguest	0	0	1	0	0	0	0
valuable	0	1	0	0	0	0	0
vandalism	1	0	0	0	0	0	0
variability	0	0	1	0	0	0	0
variable	0	0	1	0	0	0	0
variables	0	0	1	0	0	0	0
variably	0	0	1	0	0	0	0
variance	0	0	1	0	0	0	0
variances	0	0	1	0	0	0	0
variant	0	0	1	0	0	0	0
variants	0	0	1	0	0	0	0
variation	0	0	1	0	0	0	0
variations	0	0	1	0	0	0	0
varied	0	0	1	0	0	0	0
varies	0	0	1	0	0	0	0
vary	0	0	1	0	0	0	0
varying	0	0	1	0	0	0	0
vendee	0	0	0	1	0	0	0
vendees	0	0	0	1	0	0	0
verdict	1	0	0	1	0	0	0
verdicts	1	0	0	1	0	0	0
versatile	0	1	0	0	0	0	0
versatility	0	1	0	0	0	0	0
vetoed	1	0	0	0	0	0	0
viatical	0	0	0	1	0	0	0
vibrancy	0	1	0	0	0	0	0
vibrant	0	1	0	0	0	0	0
victims	1	0	0	0	0	0	0
violate	1	0	0	0	0	0	0
violated	1	0	0	0	0	0	0
violates	1	0	0	0	0	0	0
violating	1	0	0	0	0	0	0
violation	1	0	0	0	0	0	0
violations	1	0	0	0	0	0	0
violative	1	0	0	1	0	0	0
violator	1	0	0	0	0	0	0
violators	1	0	0	0	0	0	0
violence	1	0	0	0	0	0	0
violent	1	0	0	0	0	0	0
violently	1	0	0	0	0	0	0
vitiate	1	0	0	0	0	0	0
vitiated	1	0	0	0	0	0	0
vitiates	1	0	0	0	0	0	0
vitiating	1	0	0	0	0	0	0
vitiation	1	0	0	0	0	0	0
voidable	0	0	0	1	0	0	0
voided	1	0	0	1	0	0	0
voiding	1	0	0	1	0	0	0
volatile	1	0	1	0	0	0	0
volatilities	0	0	1	0	0	0	0
volatility	1	0	1	0	0	0	0
vulnerabilities	1	0	0	0	0	0	0
vulnerability	1	0	0	0	0	0	0
vulnerable	1	0	0	0	0	0	0
vulnerably	1	0	0	0	0	0	0
warn	1	0	0	0	0	0	0
warned	1	0	0	0	0	0	0
warning	1	0	0	0	0	0	0
warnings	1	0	0	0	0	0	0
warns	1	0	0	0	0	0	0
warrantees	0	0	0	1	0	0	0
warrantor	0	0	0	1	0	0	0
wasted	1	0	0	0	0	0	0
wasteful	1	0	0	0	0	0	0
wasting	1	0	0	0	0	0	0
weak	1	0	0	0	0	0	0
weaken	1	0	0	0	0	0	0
weakened	1	0	0	0	0	0	0
weakening	1	0	0	0	0	0	0
weakens	1	0	0	0	0	0	0
weaker	1	0	0	0	0	0	0
weakest	1	0	0	0	0	0	0
weakly	1	0	0	0	0	0	0
weakness	1	0	0	0	0	0	0
weaknesses	1	0	0	0	0	0	0
whatever	0	0	0	1	0	0	0
whatsoever	0	0	0	1	0	0	0
whensoever	0	0	0	1	0	0	0
whereabouts	0	0	0	1	0	0	0
whereas	0	0	0	1	0	0	0
whereat	0	0	0	1	0	0	0
whereby	0	0	0	1	0	0	0
wherefore	0	0	0	1	0	0	0
wherein	0	0	0	1	0	0	0
whereof	0	0	0	1	0	0	0
whereon	0	0	0	1	0	0	0
whereto	0	0	0	1	0	0	0
whereunder	0	0	0	1	0	0	0
whereupon	0	0	0	1	0	0	0
wherewith	0	0	0	1	0	0	0
whistleblowers	0	0	0	1	0	0	0
whomever	0	0	0	1	0	0	0
whomsoever	0	0	0	1	0	0	0
whosoever	0	0	0	1	0	0	0
wilful	0	0	0	1	0	0	0
will	0	0	0	0	0	0	1
willful	0	0	0	1	0	0	0
willfully	1	0	0	1	0	0	0
willfulness	0	0	0	1	0	0	0
win	0	1	0	0	0	0	0
winner	0	1	0	0	0	0	0
winners	0	1	0	0	0	0	0
winning	0	1	0	0	0	0	0
witness	0	0	0	1	0	0	0
witnesses	0	0	0	1	0	0	0
worries	1	0	0	0	0	0	0
worry	1	0	0	0	0	0	0
worrying	1	0	0	0	0	0	0
worse	1	0	0	0	0	0	0
worsen	1	0	0	0	0	0	0
worsened	1	0	0	0	0	0	0
worsening	1	0	0	0	0	0	0
worsens	1	0	0	0	0	0	0
worst	1	0	0	0	0	0	0
worthless	1	0	0	0	0	0	0
worthy	0	1	0	0	0	0	0
would	0	0	0	0	0	0	1
writ	0	0	0	1	0	0	0
writedown	1	0	0	0	0	0	0
writedowns	1	0	0	0	0	0	0
writeoff	1	0	0	0	0	0	0
writeoffs	1	0	0	0	0	0	0
writs	0	0	0	1	0	0	0
wrong	1	0	0	0	0	0	0
wrongdoing	1	0	0	0	0	0	0
wrongdoings	1	0	0	0	0	0	0
wrongful	1	0	0	0	0	0	0
wrongfully	1	0	0	0	0	0	0
wrongly	1	0	0	0	0	0	0
